#usda 1.0
(
    defaultPrim = "RealWristMount"
    metersPerUnit = 1
    upAxis = "Z"
)

def Xform "RealWristMount" (
    customData = {
        double derivedScaleMetresPerRawUnit = 0.000999999988956288
        string mountingLink = "gripper"
        string sourceCAD = "/home/rpuser1/Sim-to-Real-SO-101-Workshop/visual_matching/Contents/SO-ARM101_camera_wrist_mount.stl"
        string sourceCADsha256 = "e17a626158951ac8cdf8d960962c1a3c8bf23b64635a02f88b62016fe895cef8"
    }
)
{
    def Mesh "PrintedMount" (
        prepend apiSchemas = ["MaterialBindingAPI"]
    )
    {
        uniform bool doubleSided = 1
        int[] faceVertexCounts = [3, 3, 3, 3, 3, 3, 3, 3, 3, 3, 3, 3, 3, 3, 3, 3, 3, 3, 3, 3, 3, 3, 3, 3, 3, 3, 3, 3, 3, 3, 3, 3, 3, 3, 3, 3, 3, 3, 3, 3, 3, 3, 3, 3, 3, 3, 3, 3, 3, 3, 3, 3, 3, 3, 3, 3, 3, 3, 3, 3, 3, 3, 3, 3, 3, 3, 3, 3, 3, 3, 3, 3, 3, 3, 3, 3, 3, 3, 3, 3, 3, 3, 3, 3, 3, 3, 3, 3, 3, 3, 3, 3, 3, 3, 3, 3, 3, 3, 3, 3, 3, 3, 3, 3, 3, 3, 3, 3, 3, 3, 3, 3, 3, 3, 3, 3, 3, 3, 3, 3, 3, 3, 3, 3, 3, 3, 3, 3, 3, 3, 3, 3, 3, 3, 3, 3, 3, 3, 3, 3, 3, 3, 3, 3, 3, 3, 3, 3, 3, 3, 3, 3, 3, 3, 3, 3, 3, 3, 3, 3, 3, 3, 3, 3, 3, 3, 3, 3, 3, 3, 3, 3, 3, 3, 3, 3, 3, 3, 3, 3, 3, 3, 3, 3, 3, 3, 3, 3, 3, 3, 3, 3, 3, 3, 3, 3, 3, 3, 3, 3, 3, 3, 3, 3, 3, 3, 3, 3, 3, 3, 3, 3, 3, 3, 3, 3, 3, 3, 3, 3, 3, 3, 3, 3, 3, 3, 3, 3, 3, 3, 3, 3, 3, 3, 3, 3, 3, 3, 3, 3, 3, 3, 3, 3, 3, 3, 3, 3, 3, 3, 3, 3, 3, 3, 3, 3, 3, 3, 3, 3, 3, 3, 3, 3, 3, 3, 3, 3, 3, 3, 3, 3, 3, 3, 3, 3, 3, 3, 3, 3, 3, 3, 3, 3, 3, 3, 3, 3, 3, 3, 3, 3, 3, 3, 3, 3, 3, 3, 3, 3, 3, 3, 3, 3, 3, 3, 3, 3, 3, 3, 3, 3, 3, 3, 3, 3, 3, 3, 3, 3, 3, 3, 3, 3, 3, 3, 3, 3, 3, 3, 3, 3, 3, 3, 3, 3, 3, 3, 3, 3, 3, 3, 3, 3, 3, 3, 3, 3, 3, 3, 3, 3, 3, 3, 3, 3, 3, 3, 3, 3, 3, 3, 3, 3, 3, 3, 3, 3, 3, 3, 3, 3, 3, 3, 3, 3, 3, 3, 3, 3, 3, 3, 3, 3, 3, 3, 3, 3, 3, 3, 3, 3, 3, 3, 3, 3, 3, 3, 3, 3, 3, 3, 3, 3, 3, 3, 3, 3, 3, 3, 3, 3, 3, 3, 3, 3, 3, 3, 3, 3, 3, 3, 3, 3, 3, 3, 3, 3, 3, 3, 3, 3, 3, 3, 3, 3, 3, 3, 3, 3, 3, 3, 3, 3, 3, 3, 3, 3, 3, 3, 3, 3, 3, 3, 3, 3, 3, 3, 3, 3, 3, 3, 3, 3, 3, 3, 3, 3, 3, 3, 3, 3, 3, 3, 3, 3, 3, 3, 3, 3, 3, 3, 3, 3, 3, 3, 3, 3, 3, 3, 3, 3, 3, 3, 3, 3, 3, 3, 3, 3, 3, 3, 3, 3, 3, 3, 3, 3, 3, 3, 3, 3, 3, 3, 3, 3, 3, 3, 3, 3, 3, 3, 3, 3, 3, 3, 3, 3, 3, 3, 3, 3, 3, 3, 3, 3, 3, 3, 3, 3, 3, 3, 3, 3, 3, 3, 3, 3, 3, 3, 3, 3, 3, 3, 3, 3, 3, 3, 3, 3, 3, 3, 3, 3, 3, 3, 3, 3, 3, 3, 3, 3, 3, 3, 3, 3, 3, 3, 3, 3, 3, 3, 3, 3, 3, 3, 3, 3, 3, 3, 3, 3, 3, 3, 3, 3, 3, 3, 3, 3, 3, 3, 3, 3, 3, 3, 3, 3, 3, 3, 3, 3, 3, 3, 3, 3, 3, 3, 3, 3, 3, 3, 3, 3, 3, 3, 3, 3, 3, 3, 3, 3, 3, 3, 3, 3, 3, 3, 3, 3, 3, 3, 3, 3, 3, 3, 3, 3, 3, 3, 3, 3, 3, 3, 3, 3, 3, 3, 3, 3, 3, 3, 3, 3, 3, 3, 3, 3, 3, 3, 3, 3, 3, 3, 3, 3, 3, 3, 3, 3, 3, 3, 3, 3, 3, 3, 3, 3, 3, 3, 3, 3, 3, 3, 3, 3, 3, 3, 3, 3, 3, 3, 3, 3, 3, 3, 3, 3, 3, 3, 3, 3, 3, 3, 3, 3, 3, 3, 3, 3, 3, 3, 3, 3, 3, 3, 3, 3, 3, 3, 3, 3, 3, 3, 3, 3, 3, 3, 3, 3, 3, 3, 3, 3, 3, 3, 3, 3, 3, 3, 3, 3, 3, 3, 3, 3, 3, 3, 3, 3, 3, 3, 3, 3, 3, 3, 3, 3, 3, 3, 3, 3, 3, 3, 3, 3, 3, 3, 3, 3, 3, 3, 3, 3, 3, 3, 3, 3, 3, 3, 3, 3, 3, 3, 3, 3, 3, 3, 3, 3, 3, 3, 3, 3, 3, 3, 3, 3, 3, 3, 3, 3, 3, 3, 3, 3, 3, 3, 3, 3, 3, 3, 3, 3, 3, 3, 3, 3, 3, 3, 3, 3, 3, 3, 3, 3, 3, 3, 3, 3, 3, 3, 3, 3, 3, 3, 3, 3, 3, 3, 3, 3, 3, 3, 3, 3, 3, 3, 3, 3, 3, 3, 3, 3, 3, 3, 3, 3, 3, 3, 3, 3, 3, 3, 3, 3, 3, 3, 3, 3, 3, 3, 3, 3, 3, 3, 3, 3, 3, 3, 3, 3, 3, 3, 3, 3, 3, 3, 3, 3, 3, 3, 3, 3, 3, 3, 3, 3, 3, 3, 3, 3, 3, 3, 3, 3, 3, 3, 3, 3, 3, 3, 3, 3, 3, 3, 3, 3, 3, 3, 3, 3, 3, 3, 3, 3, 3, 3, 3, 3, 3, 3, 3, 3, 3, 3, 3, 3, 3, 3, 3, 3, 3, 3, 3, 3, 3, 3, 3, 3, 3, 3, 3, 3, 3, 3, 3, 3, 3, 3, 3, 3, 3, 3, 3, 3, 3, 3, 3, 3, 3, 3, 3, 3, 3, 3, 3, 3, 3, 3, 3, 3, 3, 3, 3, 3, 3, 3, 3, 3, 3, 3, 3, 3, 3, 3, 3, 3, 3, 3, 3, 3, 3, 3, 3, 3, 3, 3, 3, 3, 3, 3, 3, 3, 3, 3, 3, 3, 3, 3, 3, 3, 3, 3, 3, 3, 3, 3, 3, 3, 3, 3, 3, 3, 3, 3, 3, 3, 3, 3, 3, 3, 3, 3, 3, 3, 3, 3, 3, 3, 3, 3, 3, 3, 3, 3, 3, 3, 3, 3, 3, 3, 3, 3, 3, 3, 3, 3, 3, 3, 3, 3, 3, 3, 3, 3, 3, 3, 3, 3, 3, 3, 3, 3, 3, 3, 3, 3, 3, 3, 3, 3, 3, 3, 3, 3, 3, 3, 3, 3, 3, 3, 3, 3, 3, 3, 3, 3, 3, 3, 3, 3, 3, 3, 3, 3, 3, 3, 3, 3, 3, 3, 3, 3, 3, 3, 3, 3, 3, 3, 3, 3, 3, 3, 3, 3, 3, 3, 3, 3, 3, 3, 3, 3, 3, 3, 3, 3, 3, 3, 3, 3, 3, 3, 3, 3, 3, 3, 3, 3, 3, 3, 3, 3, 3, 3, 3, 3, 3, 3, 3, 3, 3, 3, 3, 3, 3, 3, 3, 3, 3, 3, 3, 3, 3, 3, 3, 3, 3, 3, 3, 3, 3, 3, 3, 3, 3, 3, 3, 3, 3, 3, 3, 3, 3, 3, 3, 3, 3, 3, 3, 3, 3, 3, 3, 3, 3, 3, 3, 3, 3, 3, 3, 3, 3, 3, 3, 3, 3, 3, 3, 3, 3, 3, 3, 3, 3, 3, 3, 3, 3, 3, 3, 3, 3, 3, 3, 3, 3, 3, 3, 3, 3, 3, 3, 3, 3, 3, 3, 3, 3, 3, 3, 3, 3, 3, 3, 3, 3, 3, 3, 3, 3, 3, 3, 3, 3, 3, 3, 3, 3, 3, 3, 3, 3, 3, 3, 3, 3, 3, 3, 3, 3, 3, 3, 3, 3, 3, 3, 3, 3, 3, 3, 3, 3, 3, 3, 3, 3, 3, 3, 3, 3, 3, 3, 3, 3, 3, 3, 3, 3, 3, 3, 3, 3, 3, 3, 3, 3, 3, 3, 3, 3, 3, 3, 3, 3, 3, 3, 3, 3, 3, 3, 3, 3, 3, 3, 3, 3, 3, 3, 3, 3, 3, 3, 3, 3, 3, 3, 3, 3, 3, 3, 3, 3, 3, 3, 3, 3, 3, 3, 3, 3, 3, 3, 3, 3, 3, 3, 3, 3, 3, 3, 3, 3, 3, 3, 3, 3, 3, 3, 3, 3, 3, 3, 3, 3, 3, 3, 3, 3, 3, 3, 3, 3, 3, 3, 3, 3, 3, 3, 3, 3, 3, 3, 3, 3, 3, 3, 3, 3, 3, 3, 3, 3, 3, 3, 3, 3, 3, 3, 3, 3, 3, 3, 3, 3, 3, 3, 3, 3, 3, 3, 3, 3, 3, 3, 3, 3, 3, 3, 3, 3, 3, 3, 3, 3, 3, 3, 3, 3, 3, 3, 3, 3, 3, 3, 3, 3, 3, 3, 3, 3, 3, 3, 3, 3, 3, 3, 3, 3, 3, 3, 3, 3, 3, 3, 3, 3, 3, 3, 3, 3, 3, 3, 3, 3, 3, 3, 3, 3, 3, 3, 3, 3, 3, 3, 3, 3, 3, 3, 3, 3, 3, 3, 3, 3, 3, 3, 3, 3, 3, 3, 3, 3, 3, 3, 3, 3, 3, 3, 3, 3, 3, 3, 3, 3, 3, 3, 3, 3, 3, 3, 3, 3, 3, 3, 3, 3, 3, 3, 3, 3, 3, 3, 3, 3, 3, 3, 3, 3, 3, 3, 3, 3, 3, 3, 3, 3, 3, 3, 3, 3, 3, 3, 3, 3, 3, 3, 3, 3, 3, 3, 3, 3, 3, 3, 3, 3, 3, 3, 3, 3, 3, 3, 3, 3, 3, 3, 3, 3, 3, 3, 3, 3, 3, 3, 3, 3, 3, 3, 3, 3, 3, 3, 3, 3, 3, 3, 3, 3, 3, 3, 3, 3, 3, 3, 3, 3, 3, 3, 3, 3, 3, 3, 3, 3, 3, 3, 3, 3, 3, 3, 3, 3, 3, 3, 3, 3, 3, 3, 3, 3, 3, 3, 3, 3, 3, 3, 3, 3, 3, 3, 3, 3, 3, 3, 3, 3, 3, 3, 3, 3, 3, 3, 3, 3, 3, 3, 3, 3, 3, 3, 3, 3, 3, 3, 3, 3, 3, 3, 3, 3, 3, 3, 3, 3, 3, 3, 3, 3, 3, 3, 3, 3, 3, 3, 3, 3, 3, 3, 3, 3, 3, 3, 3, 3, 3, 3, 3, 3, 3, 3, 3, 3, 3, 3, 3, 3, 3, 3, 3, 3, 3, 3, 3, 3, 3, 3, 3, 3, 3, 3, 3, 3, 3, 3, 3, 3, 3, 3, 3, 3, 3, 3, 3, 3, 3, 3, 3, 3, 3, 3, 3, 3, 3, 3, 3, 3, 3, 3, 3, 3, 3, 3, 3, 3, 3, 3, 3, 3, 3, 3, 3, 3, 3, 3, 3, 3, 3, 3, 3, 3, 3, 3, 3, 3, 3, 3, 3, 3, 3, 3, 3, 3, 3, 3, 3, 3, 3, 3, 3, 3, 3, 3, 3, 3, 3, 3, 3, 3, 3, 3, 3, 3, 3, 3, 3, 3, 3, 3, 3, 3, 3, 3, 3, 3, 3, 3, 3, 3, 3, 3, 3, 3, 3, 3, 3, 3, 3, 3, 3, 3, 3, 3, 3, 3, 3, 3, 3, 3, 3, 3, 3, 3, 3, 3, 3, 3, 3, 3, 3, 3, 3, 3, 3, 3, 3, 3, 3, 3, 3, 3, 3, 3, 3, 3, 3, 3, 3, 3, 3, 3, 3, 3, 3, 3, 3, 3, 3, 3, 3, 3, 3, 3, 3, 3, 3, 3, 3, 3, 3, 3, 3, 3, 3, 3, 3, 3, 3, 3, 3, 3, 3, 3, 3, 3, 3, 3, 3, 3, 3, 3, 3, 3, 3, 3, 3, 3, 3, 3, 3, 3, 3, 3, 3, 3, 3, 3, 3, 3, 3, 3, 3, 3, 3, 3, 3, 3, 3, 3, 3, 3, 3, 3, 3, 3, 3, 3, 3, 3, 3, 3, 3, 3, 3, 3, 3, 3, 3, 3, 3, 3, 3, 3, 3, 3, 3, 3, 3, 3, 3, 3, 3, 3, 3, 3, 3, 3, 3, 3, 3, 3, 3, 3, 3, 3, 3, 3, 3, 3, 3, 3, 3, 3, 3, 3, 3, 3, 3, 3, 3, 3, 3, 3, 3, 3, 3, 3, 3, 3, 3, 3, 3, 3, 3, 3, 3, 3, 3, 3, 3, 3, 3, 3, 3, 3, 3, 3, 3, 3, 3, 3, 3, 3, 3, 3, 3, 3, 3, 3, 3, 3, 3, 3, 3, 3, 3, 3, 3, 3, 3, 3, 3, 3, 3, 3, 3, 3, 3, 3, 3, 3, 3, 3, 3, 3, 3, 3, 3, 3, 3, 3, 3, 3, 3, 3, 3, 3, 3, 3, 3, 3, 3, 3, 3, 3, 3, 3, 3, 3, 3, 3, 3, 3, 3, 3, 3, 3, 3, 3, 3, 3, 3, 3, 3, 3, 3, 3, 3, 3, 3, 3, 3, 3, 3, 3, 3, 3, 3, 3, 3, 3, 3, 3, 3, 3, 3, 3, 3, 3, 3, 3, 3, 3, 3, 3, 3, 3, 3, 3, 3, 3, 3, 3, 3, 3, 3, 3, 3, 3, 3, 3, 3, 3, 3, 3, 3, 3, 3, 3, 3, 3, 3, 3, 3, 3, 3, 3, 3, 3, 3, 3, 3, 3, 3, 3, 3, 3, 3, 3, 3, 3, 3, 3, 3, 3, 3, 3, 3, 3, 3, 3, 3, 3, 3, 3, 3, 3, 3, 3, 3, 3, 3, 3, 3, 3, 3, 3, 3, 3, 3, 3, 3, 3, 3, 3, 3, 3, 3, 3, 3, 3, 3, 3, 3, 3, 3, 3, 3, 3, 3, 3, 3, 3, 3, 3, 3, 3, 3, 3, 3, 3, 3, 3, 3, 3, 3, 3, 3, 3, 3, 3, 3, 3, 3, 3, 3, 3, 3, 3, 3, 3, 3, 3, 3, 3, 3, 3, 3, 3, 3, 3, 3, 3, 3, 3, 3, 3, 3, 3, 3, 3, 3, 3, 3, 3, 3, 3, 3, 3, 3, 3, 3, 3, 3, 3, 3, 3, 3, 3, 3, 3, 3, 3, 3, 3, 3, 3, 3, 3, 3, 3, 3, 3, 3, 3, 3, 3, 3, 3, 3, 3, 3, 3, 3, 3, 3, 3, 3, 3, 3, 3, 3, 3, 3, 3, 3, 3, 3, 3, 3, 3, 3, 3, 3, 3, 3, 3, 3, 3, 3, 3, 3, 3, 3, 3, 3, 3, 3, 3, 3, 3, 3, 3, 3, 3, 3, 3, 3, 3, 3, 3, 3, 3, 3, 3, 3, 3, 3, 3, 3, 3, 3, 3, 3, 3, 3, 3, 3, 3, 3, 3, 3, 3, 3, 3, 3, 3, 3, 3, 3, 3, 3, 3, 3, 3, 3, 3, 3, 3, 3, 3, 3, 3, 3, 3, 3, 3, 3, 3, 3, 3, 3, 3, 3, 3, 3, 3, 3, 3, 3, 3, 3, 3, 3, 3, 3, 3, 3, 3, 3, 3, 3, 3, 3, 3, 3, 3, 3, 3, 3, 3, 3, 3, 3, 3, 3, 3, 3, 3, 3, 3, 3, 3, 3, 3, 3, 3, 3, 3, 3, 3, 3, 3, 3, 3, 3, 3, 3, 3, 3, 3, 3, 3, 3, 3, 3, 3, 3, 3, 3, 3, 3, 3, 3, 3, 3, 3, 3, 3, 3, 3, 3, 3, 3, 3, 3, 3, 3, 3, 3, 3, 3, 3, 3, 3, 3, 3, 3, 3, 3, 3, 3, 3, 3, 3, 3, 3, 3, 3, 3, 3, 3, 3, 3, 3, 3, 3, 3, 3, 3, 3, 3, 3, 3, 3, 3, 3, 3, 3, 3, 3, 3, 3, 3, 3, 3, 3, 3, 3, 3, 3, 3, 3, 3, 3, 3, 3, 3, 3, 3, 3, 3, 3, 3, 3, 3, 3, 3, 3, 3, 3, 3, 3, 3, 3, 3, 3, 3, 3, 3, 3, 3, 3, 3, 3, 3, 3, 3, 3, 3, 3, 3, 3, 3, 3, 3, 3, 3, 3, 3, 3, 3, 3, 3, 3, 3, 3, 3, 3, 3, 3, 3, 3, 3, 3, 3, 3, 3, 3, 3, 3, 3, 3, 3, 3, 3, 3, 3, 3, 3, 3, 3, 3, 3, 3, 3, 3, 3, 3, 3, 3, 3, 3, 3, 3, 3, 3, 3, 3, 3, 3, 3, 3, 3, 3, 3, 3, 3, 3, 3, 3, 3, 3, 3, 3, 3, 3, 3, 3, 3, 3, 3, 3, 3, 3, 3, 3, 3, 3, 3, 3, 3, 3, 3, 3, 3, 3, 3, 3, 3, 3, 3, 3, 3, 3, 3, 3, 3, 3, 3, 3, 3, 3, 3, 3, 3, 3, 3, 3, 3, 3, 3, 3, 3, 3, 3, 3, 3, 3, 3, 3, 3, 3, 3, 3, 3, 3, 3, 3, 3, 3, 3, 3, 3, 3, 3, 3, 3, 3, 3, 3, 3, 3, 3, 3, 3, 3, 3, 3, 3, 3, 3, 3, 3, 3, 3, 3, 3, 3, 3, 3, 3, 3, 3, 3, 3, 3, 3, 3, 3, 3, 3, 3, 3, 3, 3, 3, 3, 3, 3, 3, 3, 3, 3, 3, 3, 3, 3, 3, 3, 3, 3, 3, 3, 3, 3, 3, 3, 3, 3, 3, 3, 3, 3, 3, 3, 3, 3, 3, 3, 3, 3, 3, 3, 3, 3, 3, 3, 3, 3, 3, 3, 3, 3, 3, 3, 3, 3, 3, 3, 3, 3, 3, 3, 3, 3, 3, 3, 3, 3, 3, 3, 3, 3, 3, 3, 3, 3, 3, 3, 3, 3, 3, 3, 3, 3, 3, 3, 3, 3, 3, 3, 3, 3, 3, 3, 3, 3, 3, 3, 3, 3, 3, 3, 3, 3, 3, 3, 3, 3, 3, 3, 3, 3, 3, 3, 3, 3, 3, 3, 3, 3, 3, 3, 3, 3, 3, 3, 3, 3, 3, 3, 3, 3, 3, 3, 3, 3, 3, 3, 3, 3, 3, 3, 3, 3, 3, 3, 3, 3, 3, 3, 3, 3, 3, 3, 3, 3, 3, 3, 3, 3, 3, 3, 3, 3, 3, 3, 3, 3, 3, 3, 3, 3, 3, 3, 3, 3, 3, 3, 3, 3, 3, 3, 3, 3, 3, 3, 3, 3, 3, 3, 3, 3, 3, 3, 3, 3, 3, 3, 3, 3, 3, 3, 3, 3, 3, 3, 3, 3, 3, 3, 3, 3, 3, 3, 3, 3, 3, 3, 3, 3, 3, 3, 3, 3, 3, 3, 3, 3, 3, 3, 3, 3, 3, 3, 3, 3, 3, 3, 3, 3, 3, 3, 3, 3, 3, 3, 3, 3, 3, 3, 3, 3, 3, 3, 3, 3, 3, 3, 3, 3, 3, 3, 3, 3, 3, 3, 3, 3, 3, 3, 3, 3, 3, 3, 3, 3, 3, 3, 3, 3, 3, 3, 3, 3, 3, 3, 3, 3, 3, 3, 3, 3, 3, 3, 3, 3, 3, 3, 3, 3, 3, 3, 3, 3, 3, 3, 3, 3, 3, 3, 3, 3, 3, 3, 3, 3, 3, 3, 3, 3, 3, 3, 3, 3, 3, 3, 3, 3, 3, 3, 3, 3, 3, 3, 3, 3, 3, 3, 3, 3, 3, 3, 3, 3, 3, 3, 3, 3, 3, 3, 3, 3, 3, 3, 3, 3, 3, 3, 3, 3, 3, 3, 3, 3, 3, 3, 3, 3, 3, 3, 3, 3, 3, 3, 3, 3, 3, 3, 3, 3, 3, 3, 3, 3, 3, 3, 3, 3, 3, 3, 3, 3, 3, 3, 3, 3, 3, 3, 3, 3, 3, 3, 3, 3, 3, 3, 3, 3, 3, 3, 3, 3, 3, 3, 3, 3, 3, 3, 3, 3, 3, 3, 3, 3, 3, 3, 3, 3, 3, 3, 3, 3, 3, 3, 3, 3, 3, 3, 3, 3, 3, 3, 3, 3, 3, 3, 3, 3, 3, 3, 3, 3, 3, 3, 3, 3, 3, 3, 3, 3, 3, 3, 3, 3, 3, 3, 3, 3, 3, 3, 3, 3, 3, 3, 3, 3, 3, 3, 3, 3, 3, 3, 3, 3, 3, 3, 3, 3, 3, 3, 3, 3, 3, 3, 3, 3, 3, 3, 3, 3, 3, 3, 3, 3, 3, 3, 3, 3, 3, 3, 3, 3, 3, 3, 3, 3, 3, 3, 3, 3, 3, 3, 3, 3, 3, 3, 3, 3, 3, 3, 3, 3, 3, 3, 3, 3, 3, 3, 3, 3, 3, 3, 3, 3, 3, 3, 3, 3, 3, 3, 3, 3, 3, 3, 3, 3, 3, 3, 3, 3, 3, 3, 3, 3, 3, 3, 3, 3, 3, 3, 3, 3, 3, 3, 3, 3, 3, 3, 3, 3, 3, 3, 3, 3, 3, 3, 3, 3, 3, 3, 3, 3, 3, 3, 3, 3, 3, 3, 3, 3, 3, 3, 3, 3, 3, 3, 3, 3, 3, 3, 3, 3, 3, 3, 3, 3, 3, 3, 3, 3, 3, 3, 3, 3, 3, 3, 3, 3, 3, 3, 3, 3, 3, 3, 3, 3, 3, 3, 3, 3, 3, 3, 3, 3, 3, 3, 3, 3, 3, 3, 3, 3, 3, 3, 3, 3, 3, 3, 3, 3, 3, 3]
        int[] faceVertexIndices = [0, 1, 2, 2, 1, 3, 2, 3, 4, 4, 3, 5, 4, 5, 6, 6, 5, 7, 6, 7, 8, 8, 7, 9, 8, 9, 10, 10, 9, 11, 10, 11, 12, 12, 11, 13, 12, 13, 14, 14, 13, 15, 14, 15, 16, 16, 15, 17, 16, 17, 18, 18, 17, 19, 20, 21, 22, 22, 21, 23, 22, 23, 24, 24, 25, 22, 22, 25, 26, 22, 26, 27, 27, 28, 22, 22, 28, 29, 22, 29, 30, 30, 31, 22, 22, 31, 32, 22, 32, 33, 33, 34, 22, 22, 34, 35, 22, 35, 36, 22, 36, 37, 37, 36, 38, 37, 38, 39, 39, 38, 40, 39, 40, 41, 41, 40, 42, 41, 42, 43, 41, 43, 44, 44, 43, 45, 44, 45, 46, 46, 45, 47, 46, 47, 48, 48, 47, 49, 48, 49, 50, 50, 49, 51, 50, 51, 52, 52, 51, 53, 52, 53, 54, 54, 53, 55, 54, 55, 56, 56, 55, 57, 56, 57, 58, 58, 57, 59, 58, 59, 60, 60, 59, 61, 60, 61, 62, 62, 61, 63, 63, 61, 64, 63, 64, 65, 65, 64, 66, 65, 66, 67, 67, 66, 68, 68, 66, 69, 69, 66, 70, 70, 66, 71, 71, 66, 72, 72, 66, 73, 73, 66, 74, 74, 66, 75, 75, 66, 0, 75, 0, 76, 76, 0, 77, 77, 0, 78, 78, 0, 79, 79, 0, 80, 80, 0, 81, 81, 0, 82, 82, 0, 83, 83, 0, 84, 84, 0, 85, 85, 0, 86, 86, 0, 87, 87, 0, 88, 88, 0, 89, 89, 0, 90, 90, 0, 91, 91, 0, 22, 91, 22, 92, 92, 22, 93, 93, 22, 94, 94, 22, 95, 95, 22, 96, 96, 22, 37, 55, 97, 57, 57, 97, 98, 98, 97, 99, 98, 99, 100, 100, 99, 101, 100, 101, 102, 102, 101, 103, 102, 103, 104, 104, 103, 105, 104, 105, 106, 106, 105, 107, 106, 107, 108, 108, 107, 109, 108, 109, 110, 110, 109, 111, 111, 109, 112, 111, 112, 113, 113, 112, 114, 113, 114, 115, 113, 115, 116, 116, 115, 117, 116, 117, 118, 118, 117, 119, 118, 119, 120, 120, 119, 121, 120, 121, 122, 122, 121, 123, 122, 123, 124, 124, 123, 125, 124, 125, 126, 126, 125, 127, 126, 127, 128, 128, 127, 129, 128, 129, 130, 130, 129, 131, 130, 131, 132, 132, 131, 133, 132, 133, 134, 134, 133, 135, 135, 133, 136, 136, 133, 137, 137, 133, 138, 138, 133, 139, 139, 133, 140, 140, 133, 141, 141, 133, 142, 142, 133, 143, 143, 133, 144, 144, 133, 145, 145, 133, 146, 146, 133, 147, 147, 133, 66, 147, 66, 148, 148, 66, 149, 149, 66, 150, 150, 66, 151, 151, 66, 152, 152, 66, 153, 153, 66, 154, 154, 66, 155, 155, 66, 64, 131, 20, 133, 133, 20, 22, 1, 0, 156, 156, 0, 66, 156, 66, 157, 157, 66, 158, 159, 160, 161, 161, 160, 162, 161, 162, 163, 160, 159, 164, 164, 159, 165, 164, 165, 166, 166, 165, 167, 166, 167, 168, 168, 167, 169, 168, 169, 170, 170, 169, 171, 170, 171, 172, 172, 171, 173, 172, 173, 174, 174, 173, 175, 174, 175, 176, 176, 175, 177, 176, 177, 158, 158, 66, 176, 176, 66, 178, 176, 178, 179, 179, 180, 176, 176, 180, 174, 180, 181, 174, 174, 181, 172, 181, 182, 172, 172, 182, 183, 172, 183, 170, 170, 183, 184, 170, 184, 185, 170, 185, 168, 168, 185, 186, 168, 186, 187, 168, 187, 166, 166, 187, 188, 166, 188, 189, 166, 189, 164, 164, 189, 190, 164, 190, 160, 160, 190, 191, 160, 191, 162, 177, 161, 158, 158, 161, 192, 158, 192, 193, 193, 192, 194, 193, 194, 195, 177, 175, 161, 161, 175, 173, 161, 173, 171, 171, 169, 161, 161, 169, 167, 161, 167, 165, 165, 159, 161, 196, 197, 192, 192, 197, 194, 198, 199, 195, 195, 199, 200, 195, 200, 193, 193, 200, 201, 201, 200, 202, 202, 200, 203, 203, 200, 204, 204, 200, 205, 205, 200, 206, 205, 206, 207, 207, 206, 208, 207, 208, 209, 209, 210, 207, 207, 210, 211, 207, 211, 212, 207, 212, 213, 213, 212, 214, 213, 214, 215, 213, 215, 216, 216, 215, 217, 216, 217, 218, 218, 217, 219, 219, 217, 220, 220, 217, 221, 221, 217, 222, 222, 217, 223, 223, 217, 224, 224, 217, 225, 224, 225, 226, 226, 225, 227, 218, 228, 216, 216, 228, 229, 216, 229, 230, 230, 231, 216, 216, 231, 232, 216, 232, 233, 233, 234, 216, 216, 234, 235, 236, 237, 213, 213, 237, 238, 213, 238, 207, 237, 236, 239, 239, 236, 240, 239, 240, 241, 158, 193, 157, 157, 193, 242, 157, 242, 243, 243, 242, 244, 244, 242, 245, 245, 242, 246, 246, 242, 247, 247, 242, 248, 248, 242, 249, 249, 242, 250, 18, 19, 251, 251, 19, 252, 251, 252, 253, 253, 252, 192, 253, 192, 161, 161, 163, 253, 254, 255, 256, 256, 255, 257, 256, 257, 258, 258, 257, 259, 258, 259, 260, 260, 259, 261, 260, 261, 262, 262, 261, 263, 262, 263, 264, 264, 263, 265, 264, 265, 266, 266, 265, 267, 267, 265, 268, 268, 265, 269, 268, 269, 270, 270, 269, 271, 271, 269, 272, 271, 272, 273, 273, 272, 274, 273, 274, 275, 275, 274, 276, 276, 274, 253, 253, 274, 277, 253, 277, 278, 278, 277, 279, 278, 279, 280, 280, 279, 281, 280, 281, 282, 282, 281, 283, 282, 283, 284, 284, 283, 285, 284, 285, 286, 286, 285, 287, 287, 285, 288, 287, 288, 289, 289, 288, 290, 289, 290, 254, 254, 290, 255, 286, 291, 284, 284, 291, 292, 284, 292, 282, 282, 292, 293, 282, 293, 280, 280, 293, 294, 280, 294, 278, 278, 294, 253, 291, 295, 292, 292, 295, 296, 292, 296, 293, 293, 296, 297, 293, 297, 294, 294, 297, 251, 294, 251, 253, 295, 298, 296, 296, 298, 299, 296, 299, 297, 297, 299, 251, 298, 300, 299, 299, 300, 251, 266, 301, 264, 264, 301, 302, 264, 302, 303, 303, 302, 304, 303, 304, 305, 303, 305, 306, 306, 305, 307, 306, 307, 308, 308, 307, 309, 308, 309, 310, 311, 256, 310, 310, 256, 312, 310, 312, 313, 313, 312, 314, 313, 314, 306, 306, 314, 303, 312, 256, 258, 257, 255, 315, 315, 255, 290, 315, 290, 316, 316, 290, 288, 316, 288, 317, 317, 288, 285, 317, 285, 283, 308, 310, 313, 314, 312, 260, 260, 312, 258, 306, 308, 313, 257, 315, 259, 259, 315, 318, 259, 318, 261, 261, 318, 319, 261, 319, 263, 263, 319, 320, 263, 320, 265, 265, 320, 269, 318, 315, 316, 303, 314, 262, 262, 314, 260, 318, 316, 321, 321, 316, 317, 321, 317, 322, 322, 317, 283, 322, 283, 281, 264, 303, 262, 318, 321, 319, 319, 321, 323, 319, 323, 320, 320, 323, 324, 320, 324, 269, 269, 324, 272, 323, 321, 322, 323, 322, 325, 325, 322, 281, 325, 281, 279, 323, 325, 324, 324, 325, 326, 324, 326, 272, 272, 326, 274, 326, 325, 279, 274, 326, 277, 277, 326, 279, 197, 327, 194, 194, 327, 328, 194, 328, 329, 329, 328, 330, 329, 330, 331, 331, 330, 192, 331, 192, 332, 332, 192, 333, 332, 333, 334, 334, 333, 335, 334, 335, 194, 194, 335, 336, 194, 336, 337, 337, 336, 338, 337, 338, 339, 339, 338, 340, 339, 340, 341, 341, 340, 252, 341, 252, 342, 342, 252, 343, 342, 343, 344, 344, 343, 345, 344, 345, 337, 337, 345, 346, 346, 345, 347, 347, 345, 343, 347, 343, 252, 327, 197, 348, 348, 197, 196, 348, 196, 192, 192, 252, 333, 333, 252, 349, 333, 349, 335, 335, 349, 336, 328, 327, 350, 350, 327, 348, 350, 348, 192, 334, 194, 351, 351, 194, 329, 351, 329, 331, 332, 334, 351, 332, 351, 331, 338, 336, 352, 352, 336, 349, 352, 349, 252, 344, 337, 353, 353, 337, 339, 353, 339, 341, 342, 344, 353, 342, 353, 341, 192, 330, 350, 350, 330, 328, 252, 340, 352, 352, 340, 338, 199, 354, 200, 200, 354, 355, 200, 355, 356, 356, 355, 357, 356, 357, 358, 358, 357, 195, 358, 195, 359, 359, 195, 360, 359, 360, 361, 361, 360, 362, 361, 362, 200, 200, 362, 363, 200, 363, 364, 364, 363, 365, 364, 365, 366, 366, 365, 367, 366, 367, 368, 368, 367, 369, 368, 369, 370, 370, 369, 371, 370, 371, 372, 372, 371, 373, 372, 373, 364, 364, 373, 374, 374, 373, 375, 375, 373, 371, 375, 371, 369, 354, 199, 376, 376, 199, 198, 376, 198, 195, 195, 369, 360, 360, 369, 377, 360, 377, 362, 362, 377, 363, 355, 354, 378, 378, 354, 376, 378, 376, 195, 361, 200, 379, 379, 200, 356, 379, 356, 358, 359, 361, 379, 359, 379, 358, 365, 363, 380, 380, 363, 377, 380, 377, 369, 372, 364, 381, 381, 364, 366, 381, 366, 368, 370, 372, 381, 370, 381, 368, 195, 357, 378, 378, 357, 355, 369, 367, 380, 380, 367, 365, 364, 382, 200, 200, 382, 206, 17, 15, 19, 19, 15, 13, 19, 13, 11, 11, 9, 19, 19, 9, 7, 19, 7, 5, 5, 3, 19, 19, 3, 1, 19, 1, 252, 252, 1, 383, 252, 383, 337, 337, 383, 369, 369, 383, 364, 369, 364, 374, 1, 156, 383, 383, 156, 384, 384, 156, 385, 384, 385, 386, 386, 387, 384, 384, 387, 388, 384, 388, 389, 389, 390, 384, 384, 390, 391, 384, 391, 392, 383, 393, 364, 364, 393, 394, 364, 394, 395, 395, 396, 364, 364, 396, 397, 364, 397, 382, 382, 397, 398, 382, 398, 399, 399, 398, 400, 400, 398, 401, 401, 398, 402, 402, 398, 403, 403, 398, 404, 403, 404, 405, 405, 404, 406, 406, 404, 407, 406, 407, 408, 408, 407, 409, 408, 409, 410, 398, 411, 404, 404, 411, 412, 404, 412, 413, 413, 412, 414, 413, 414, 415, 415, 414, 416, 417, 418, 407, 407, 418, 419, 407, 419, 420, 420, 421, 407, 407, 421, 422, 407, 422, 423, 423, 424, 407, 407, 424, 409, 410, 425, 408, 408, 425, 426, 408, 426, 427, 427, 428, 408, 408, 428, 429, 408, 429, 430, 430, 429, 431, 430, 431, 432, 374, 375, 369, 337, 346, 252, 252, 346, 347, 399, 433, 382, 382, 433, 434, 382, 434, 435, 435, 434, 436, 435, 436, 437, 437, 436, 438, 437, 438, 439, 439, 438, 440, 439, 440, 441, 441, 440, 442, 441, 442, 443, 443, 442, 444, 443, 444, 445, 445, 444, 215, 445, 215, 446, 446, 215, 214, 446, 214, 447, 447, 214, 212, 447, 212, 448, 448, 212, 211, 448, 211, 449, 449, 211, 210, 449, 210, 450, 450, 210, 209, 450, 209, 451, 451, 209, 208, 451, 208, 206, 433, 399, 452, 452, 399, 400, 452, 400, 453, 453, 400, 401, 453, 401, 454, 454, 401, 402, 454, 402, 455, 455, 402, 403, 455, 403, 456, 456, 403, 405, 456, 405, 406, 215, 457, 406, 406, 457, 458, 406, 458, 459, 459, 458, 460, 459, 460, 461, 461, 460, 462, 461, 462, 454, 454, 462, 453, 382, 463, 206, 206, 463, 464, 206, 464, 465, 465, 464, 466, 465, 466, 467, 467, 466, 468, 467, 468, 449, 449, 468, 448, 434, 433, 469, 469, 433, 452, 469, 452, 470, 470, 452, 453, 470, 453, 462, 463, 382, 471, 471, 382, 435, 471, 435, 437, 463, 471, 472, 472, 471, 437, 472, 437, 439, 464, 463, 473, 473, 463, 472, 473, 472, 474, 474, 472, 439, 474, 439, 441, 451, 206, 475, 475, 206, 465, 475, 465, 467, 450, 451, 475, 450, 475, 467, 434, 469, 436, 436, 469, 476, 436, 476, 438, 438, 476, 477, 438, 477, 440, 440, 477, 478, 440, 478, 442, 442, 478, 479, 442, 479, 444, 444, 479, 215, 476, 469, 470, 464, 473, 466, 466, 473, 480, 466, 480, 468, 468, 480, 481, 468, 481, 448, 448, 481, 447, 480, 473, 474, 449, 450, 467, 476, 470, 482, 482, 470, 462, 482, 462, 460, 480, 474, 483, 483, 474, 441, 483, 441, 443, 461, 454, 455, 476, 482, 477, 477, 482, 484, 477, 484, 478, 478, 484, 457, 478, 457, 479, 479, 457, 215, 484, 482, 460, 480, 483, 481, 481, 483, 485, 481, 485, 447, 447, 485, 446, 485, 483, 443, 461, 455, 486, 486, 455, 456, 486, 456, 406, 457, 484, 458, 458, 484, 460, 446, 485, 445, 445, 485, 443, 406, 459, 486, 486, 459, 461, 487, 488, 489, 489, 488, 490, 489, 490, 491, 492, 408, 488, 488, 408, 493, 488, 493, 494, 495, 496, 492, 492, 496, 497, 492, 497, 498, 499, 500, 496, 496, 500, 501, 496, 501, 502, 503, 504, 499, 499, 504, 505, 499, 505, 506, 507, 217, 504, 504, 217, 215, 504, 215, 508, 508, 215, 509, 509, 215, 510, 510, 215, 511, 511, 215, 512, 512, 215, 513, 513, 215, 514, 514, 215, 515, 515, 215, 516, 516, 215, 517, 517, 215, 518, 518, 215, 519, 519, 215, 520, 520, 215, 521, 521, 215, 522, 522, 215, 523, 523, 215, 406, 523, 406, 524, 524, 406, 525, 525, 406, 526, 526, 406, 527, 527, 406, 528, 528, 406, 529, 529, 406, 530, 530, 406, 531, 531, 406, 532, 532, 406, 533, 533, 406, 534, 534, 406, 535, 535, 406, 536, 536, 406, 537, 537, 406, 538, 538, 406, 539, 539, 406, 492, 539, 492, 540, 540, 492, 541, 541, 492, 542, 542, 492, 498, 543, 544, 507, 507, 544, 545, 507, 545, 546, 489, 547, 544, 544, 547, 548, 544, 548, 549, 508, 550, 504, 504, 550, 551, 504, 551, 552, 552, 553, 504, 504, 553, 505, 506, 554, 499, 499, 554, 555, 499, 555, 556, 556, 557, 499, 499, 557, 558, 499, 558, 559, 559, 560, 499, 499, 560, 561, 499, 561, 562, 562, 563, 499, 499, 563, 500, 500, 563, 564, 564, 563, 565, 564, 565, 566, 566, 565, 567, 566, 567, 568, 568, 567, 569, 568, 569, 570, 570, 569, 571, 570, 571, 524, 524, 571, 523, 491, 572, 489, 489, 572, 573, 489, 573, 574, 574, 575, 489, 489, 575, 576, 489, 576, 577, 577, 578, 489, 489, 578, 579, 489, 579, 580, 580, 547, 489, 547, 581, 548, 548, 581, 582, 582, 581, 583, 582, 583, 584, 584, 583, 585, 584, 585, 586, 586, 585, 587, 586, 587, 588, 588, 587, 589, 588, 589, 590, 590, 589, 591, 591, 589, 592, 591, 592, 408, 408, 592, 593, 408, 593, 594, 594, 595, 408, 408, 595, 596, 408, 596, 597, 597, 598, 408, 408, 598, 599, 408, 599, 600, 600, 601, 408, 408, 601, 602, 408, 602, 603, 603, 604, 408, 408, 604, 605, 408, 605, 493, 494, 606, 488, 488, 606, 607, 488, 607, 608, 608, 490, 488, 546, 609, 507, 507, 609, 610, 507, 610, 611, 611, 612, 507, 507, 612, 217, 612, 613, 217, 217, 613, 614, 217, 614, 615, 615, 616, 217, 217, 616, 617, 217, 617, 618, 618, 619, 217, 217, 619, 620, 217, 620, 621, 621, 622, 217, 217, 622, 623, 217, 623, 624, 624, 625, 217, 217, 625, 591, 217, 591, 408, 549, 626, 544, 544, 626, 627, 544, 627, 628, 628, 629, 544, 544, 629, 630, 544, 630, 631, 631, 632, 544, 544, 632, 633, 544, 633, 634, 634, 545, 544, 502, 635, 496, 496, 635, 636, 496, 636, 637, 637, 638, 496, 496, 638, 639, 496, 639, 640, 640, 641, 496, 496, 641, 642, 496, 642, 497, 406, 408, 492, 220, 643, 219, 219, 643, 644, 219, 644, 645, 645, 644, 646, 645, 646, 647, 647, 646, 648, 647, 648, 649, 649, 648, 650, 649, 650, 651, 651, 650, 652, 651, 652, 653, 653, 652, 654, 653, 654, 655, 655, 654, 656, 655, 656, 657, 657, 656, 658, 657, 658, 430, 430, 658, 408, 408, 658, 659, 408, 659, 660, 660, 659, 661, 660, 661, 662, 662, 661, 663, 662, 663, 664, 664, 663, 665, 664, 665, 666, 666, 665, 667, 666, 667, 668, 668, 667, 669, 668, 669, 670, 670, 669, 671, 670, 671, 672, 672, 671, 643, 672, 643, 220, 220, 221, 672, 672, 221, 673, 672, 673, 670, 670, 673, 674, 670, 674, 668, 668, 674, 675, 668, 675, 666, 666, 675, 676, 666, 676, 664, 664, 676, 677, 664, 677, 662, 662, 677, 678, 662, 678, 660, 660, 678, 408, 221, 222, 673, 673, 222, 679, 673, 679, 674, 674, 679, 680, 674, 680, 675, 675, 680, 681, 675, 681, 676, 676, 681, 682, 676, 682, 677, 677, 682, 683, 677, 683, 678, 678, 683, 408, 222, 223, 679, 679, 223, 684, 679, 684, 680, 680, 684, 685, 680, 685, 681, 681, 685, 686, 681, 686, 682, 682, 686, 687, 682, 687, 683, 683, 687, 217, 683, 217, 408, 223, 224, 684, 684, 224, 688, 684, 688, 685, 685, 688, 689, 685, 689, 686, 686, 689, 690, 686, 690, 687, 687, 690, 217, 224, 226, 688, 688, 226, 691, 688, 691, 689, 689, 691, 692, 689, 692, 690, 690, 692, 217, 226, 227, 691, 691, 227, 693, 691, 693, 692, 692, 693, 217, 227, 225, 693, 693, 225, 217, 430, 432, 657, 657, 432, 694, 657, 694, 655, 655, 694, 695, 655, 695, 653, 653, 695, 696, 653, 696, 651, 651, 696, 697, 651, 697, 649, 649, 697, 698, 649, 698, 647, 647, 698, 699, 647, 699, 645, 645, 699, 219, 432, 431, 694, 694, 431, 700, 694, 700, 695, 695, 700, 701, 695, 701, 696, 696, 701, 702, 696, 702, 697, 697, 702, 703, 697, 703, 698, 698, 703, 704, 698, 704, 699, 699, 704, 219, 431, 429, 700, 700, 429, 705, 700, 705, 701, 701, 705, 706, 701, 706, 702, 702, 706, 707, 702, 707, 703, 703, 707, 708, 703, 708, 704, 704, 708, 410, 704, 410, 219, 429, 428, 705, 705, 428, 709, 705, 709, 706, 706, 709, 710, 706, 710, 707, 707, 710, 711, 707, 711, 708, 708, 711, 410, 428, 427, 709, 709, 427, 712, 709, 712, 710, 710, 712, 713, 710, 713, 711, 711, 713, 410, 427, 426, 712, 712, 426, 714, 712, 714, 713, 713, 714, 410, 426, 425, 714, 714, 425, 410, 646, 644, 671, 671, 644, 643, 648, 646, 669, 669, 646, 671, 650, 648, 667, 667, 648, 669, 652, 650, 665, 665, 650, 667, 654, 652, 663, 663, 652, 665, 656, 654, 661, 661, 654, 663, 658, 656, 659, 659, 656, 661, 410, 409, 219, 219, 409, 218, 235, 715, 216, 216, 715, 716, 216, 716, 717, 717, 716, 718, 717, 718, 719, 719, 718, 720, 719, 720, 721, 721, 720, 722, 721, 722, 723, 723, 722, 724, 723, 724, 725, 725, 724, 726, 725, 726, 727, 727, 726, 728, 727, 728, 729, 729, 728, 730, 729, 730, 424, 424, 730, 409, 409, 730, 731, 409, 731, 732, 732, 731, 733, 732, 733, 734, 734, 733, 735, 734, 735, 736, 736, 735, 737, 736, 737, 738, 738, 737, 739, 738, 739, 740, 740, 739, 741, 740, 741, 742, 742, 741, 743, 742, 743, 744, 744, 743, 715, 744, 715, 235, 235, 234, 744, 744, 234, 745, 744, 745, 742, 742, 745, 746, 742, 746, 740, 740, 746, 747, 740, 747, 738, 738, 747, 748, 738, 748, 736, 736, 748, 749, 736, 749, 734, 734, 749, 750, 734, 750, 732, 732, 750, 409, 234, 233, 745, 745, 233, 751, 745, 751, 746, 746, 751, 752, 746, 752, 747, 747, 752, 753, 747, 753, 748, 748, 753, 754, 748, 754, 749, 749, 754, 755, 749, 755, 750, 750, 755, 409, 233, 232, 751, 751, 232, 756, 751, 756, 752, 752, 756, 757, 752, 757, 753, 753, 757, 758, 753, 758, 754, 754, 758, 759, 754, 759, 755, 755, 759, 218, 755, 218, 409, 232, 231, 756, 756, 231, 760, 756, 760, 757, 757, 760, 761, 757, 761, 758, 758, 761, 762, 758, 762, 759, 759, 762, 218, 231, 230, 760, 760, 230, 763, 760, 763, 761, 761, 763, 764, 761, 764, 762, 762, 764, 218, 230, 229, 763, 763, 229, 765, 763, 765, 764, 764, 765, 218, 229, 228, 765, 765, 228, 218, 424, 423, 729, 729, 423, 766, 729, 766, 727, 727, 766, 767, 727, 767, 725, 725, 767, 768, 725, 768, 723, 723, 768, 769, 723, 769, 721, 721, 769, 770, 721, 770, 719, 719, 770, 771, 719, 771, 717, 717, 771, 216, 423, 422, 766, 766, 422, 772, 766, 772, 767, 767, 772, 773, 767, 773, 768, 768, 773, 774, 768, 774, 769, 769, 774, 775, 769, 775, 770, 770, 775, 776, 770, 776, 771, 771, 776, 216, 422, 421, 772, 772, 421, 777, 772, 777, 773, 773, 777, 778, 773, 778, 774, 774, 778, 779, 774, 779, 775, 775, 779, 780, 775, 780, 776, 776, 780, 407, 776, 407, 216, 421, 420, 777, 777, 420, 781, 777, 781, 778, 778, 781, 782, 778, 782, 779, 779, 782, 783, 779, 783, 780, 780, 783, 407, 420, 419, 781, 781, 419, 784, 781, 784, 782, 782, 784, 785, 782, 785, 783, 783, 785, 407, 419, 418, 784, 784, 418, 786, 784, 786, 785, 785, 786, 407, 418, 417, 786, 786, 417, 407, 718, 716, 743, 743, 716, 715, 720, 718, 741, 741, 718, 743, 722, 720, 739, 739, 720, 741, 724, 722, 737, 737, 722, 739, 726, 724, 735, 735, 724, 737, 728, 726, 733, 733, 726, 735, 730, 728, 731, 731, 728, 733, 238, 787, 207, 207, 787, 788, 207, 788, 789, 789, 788, 790, 789, 790, 791, 791, 790, 792, 791, 792, 793, 793, 792, 794, 793, 794, 795, 795, 794, 796, 795, 796, 797, 797, 796, 798, 797, 798, 799, 799, 798, 404, 799, 404, 800, 800, 404, 413, 800, 413, 801, 801, 413, 415, 801, 415, 802, 802, 415, 416, 802, 416, 803, 803, 416, 414, 803, 414, 804, 804, 414, 412, 804, 412, 805, 805, 412, 411, 805, 411, 398, 787, 238, 806, 806, 238, 237, 806, 237, 807, 807, 237, 239, 807, 239, 808, 808, 239, 241, 808, 241, 809, 809, 241, 240, 809, 240, 810, 810, 240, 236, 810, 236, 213, 404, 811, 213, 213, 811, 812, 213, 812, 813, 813, 812, 814, 813, 814, 815, 815, 814, 816, 815, 816, 808, 808, 816, 807, 207, 817, 398, 398, 817, 818, 398, 818, 819, 819, 818, 820, 819, 820, 821, 821, 820, 822, 821, 822, 803, 803, 822, 802, 788, 787, 823, 823, 787, 806, 823, 806, 824, 824, 806, 807, 824, 807, 816, 817, 207, 825, 825, 207, 789, 825, 789, 791, 817, 825, 826, 826, 825, 791, 826, 791, 793, 818, 817, 827, 827, 817, 826, 827, 826, 828, 828, 826, 793, 828, 793, 795, 805, 398, 829, 829, 398, 819, 829, 819, 821, 804, 805, 829, 804, 829, 821, 788, 823, 790, 790, 823, 830, 790, 830, 792, 792, 830, 831, 792, 831, 794, 794, 831, 832, 794, 832, 796, 796, 832, 833, 796, 833, 798, 798, 833, 404, 830, 823, 824, 818, 827, 820, 820, 827, 834, 820, 834, 822, 822, 834, 835, 822, 835, 802, 802, 835, 801, 834, 827, 828, 803, 804, 821, 830, 824, 836, 836, 824, 816, 836, 816, 814, 834, 828, 837, 837, 828, 795, 837, 795, 797, 815, 808, 809, 830, 836, 831, 831, 836, 838, 831, 838, 832, 832, 838, 811, 832, 811, 833, 833, 811, 404, 838, 836, 814, 834, 837, 835, 835, 837, 839, 835, 839, 801, 801, 839, 800, 839, 837, 797, 815, 809, 840, 840, 809, 810, 840, 810, 213, 811, 838, 812, 812, 838, 814, 800, 839, 799, 799, 839, 797, 213, 813, 840, 840, 813, 815, 398, 397, 207, 207, 397, 205, 396, 841, 397, 397, 841, 842, 397, 842, 843, 843, 842, 844, 843, 844, 845, 845, 844, 846, 845, 846, 847, 847, 846, 848, 847, 848, 849, 849, 848, 193, 849, 193, 850, 850, 193, 851, 850, 851, 852, 852, 851, 853, 852, 853, 854, 854, 853, 855, 854, 855, 856, 856, 855, 857, 856, 857, 205, 205, 857, 858, 205, 858, 859, 859, 858, 860, 859, 860, 203, 203, 860, 202, 202, 860, 861, 202, 861, 201, 201, 861, 862, 201, 862, 193, 193, 862, 863, 193, 863, 851, 851, 863, 853, 841, 396, 864, 864, 396, 395, 864, 395, 865, 865, 395, 394, 865, 394, 866, 866, 394, 393, 866, 393, 383, 193, 848, 383, 383, 848, 867, 383, 867, 868, 868, 867, 869, 868, 869, 870, 870, 869, 871, 870, 871, 864, 864, 871, 841, 203, 204, 859, 859, 204, 205, 856, 205, 872, 872, 205, 397, 872, 397, 873, 873, 397, 874, 873, 874, 875, 875, 874, 845, 875, 845, 847, 874, 397, 843, 844, 842, 871, 871, 842, 841, 845, 874, 843, 854, 856, 872, 872, 873, 876, 876, 873, 875, 876, 875, 877, 877, 875, 847, 877, 847, 849, 858, 857, 878, 878, 857, 855, 878, 855, 879, 879, 855, 853, 879, 853, 863, 870, 864, 865, 846, 844, 869, 869, 844, 871, 852, 854, 876, 876, 854, 872, 852, 876, 877, 861, 860, 878, 878, 860, 858, 861, 878, 879, 870, 865, 880, 880, 865, 866, 880, 866, 383, 848, 846, 867, 867, 846, 869, 850, 852, 877, 850, 877, 849, 862, 861, 879, 862, 879, 863, 383, 868, 880, 880, 868, 870, 383, 384, 193, 193, 384, 242, 243, 881, 157, 157, 881, 882, 157, 882, 883, 883, 882, 884, 883, 884, 885, 885, 884, 886, 885, 886, 887, 887, 886, 888, 887, 888, 889, 889, 888, 890, 889, 890, 891, 891, 890, 892, 891, 892, 893, 893, 892, 894, 893, 894, 895, 895, 894, 896, 895, 896, 392, 392, 896, 384, 384, 896, 897, 384, 897, 898, 898, 897, 899, 898, 899, 900, 900, 899, 901, 900, 901, 902, 902, 901, 903, 902, 903, 904, 904, 903, 905, 904, 905, 906, 906, 905, 907, 906, 907, 908, 908, 907, 909, 908, 909, 910, 910, 909, 881, 910, 881, 243, 243, 244, 910, 910, 244, 911, 910, 911, 908, 908, 911, 912, 908, 912, 906, 906, 912, 913, 906, 913, 904, 904, 913, 914, 904, 914, 902, 902, 914, 915, 902, 915, 900, 900, 915, 916, 900, 916, 898, 898, 916, 384, 244, 245, 911, 911, 245, 917, 911, 917, 912, 912, 917, 918, 912, 918, 913, 913, 918, 919, 913, 919, 914, 914, 919, 920, 914, 920, 915, 915, 920, 921, 915, 921, 916, 916, 921, 384, 245, 246, 917, 917, 246, 922, 917, 922, 918, 918, 922, 923, 918, 923, 919, 919, 923, 924, 919, 924, 920, 920, 924, 925, 920, 925, 921, 921, 925, 242, 921, 242, 384, 246, 247, 922, 922, 247, 926, 922, 926, 923, 923, 926, 927, 923, 927, 924, 924, 927, 928, 924, 928, 925, 925, 928, 242, 247, 248, 926, 926, 248, 929, 926, 929, 927, 927, 929, 930, 927, 930, 928, 928, 930, 242, 248, 249, 929, 929, 249, 931, 929, 931, 930, 930, 931, 242, 249, 250, 931, 931, 250, 242, 392, 391, 895, 895, 391, 932, 895, 932, 893, 893, 932, 933, 893, 933, 891, 891, 933, 934, 891, 934, 889, 889, 934, 935, 889, 935, 887, 887, 935, 936, 887, 936, 885, 885, 936, 937, 885, 937, 883, 883, 937, 157, 391, 390, 932, 932, 390, 938, 932, 938, 933, 933, 938, 939, 933, 939, 934, 934, 939, 940, 934, 940, 935, 935, 940, 941, 935, 941, 936, 936, 941, 942, 936, 942, 937, 937, 942, 157, 390, 389, 938, 938, 389, 943, 938, 943, 939, 939, 943, 944, 939, 944, 940, 940, 944, 945, 940, 945, 941, 941, 945, 946, 941, 946, 942, 942, 946, 156, 942, 156, 157, 389, 388, 943, 943, 388, 947, 943, 947, 944, 944, 947, 948, 944, 948, 945, 945, 948, 949, 945, 949, 946, 946, 949, 156, 388, 387, 947, 947, 387, 950, 947, 950, 948, 948, 950, 951, 948, 951, 949, 949, 951, 156, 387, 386, 950, 950, 386, 952, 950, 952, 951, 951, 952, 156, 386, 385, 952, 952, 385, 156, 884, 882, 909, 909, 882, 881, 886, 884, 907, 907, 884, 909, 888, 886, 905, 905, 886, 907, 890, 888, 903, 903, 888, 905, 892, 890, 901, 901, 890, 903, 894, 892, 899, 899, 892, 901, 896, 894, 897, 897, 894, 899, 953, 954, 955, 955, 954, 956, 955, 956, 957, 957, 956, 958, 957, 958, 959, 959, 958, 960, 959, 960, 961, 961, 960, 962, 962, 960, 963, 962, 963, 964, 964, 963, 965, 964, 965, 966, 966, 965, 967, 966, 967, 968, 968, 967, 969, 968, 969, 970, 970, 969, 971, 970, 971, 22, 22, 971, 972, 22, 972, 973, 973, 972, 974, 973, 974, 975, 975, 974, 976, 975, 976, 977, 977, 976, 978, 978, 976, 979, 979, 976, 980, 979, 980, 981, 981, 980, 982, 982, 980, 983, 982, 983, 984, 984, 983, 985, 985, 983, 986, 985, 986, 987, 987, 986, 988, 988, 986, 989, 988, 989, 990, 990, 989, 954, 990, 954, 991, 991, 954, 953, 977, 992, 975, 975, 992, 993, 975, 993, 973, 973, 993, 994, 973, 994, 22, 22, 994, 133, 992, 995, 993, 993, 995, 994, 961, 996, 959, 959, 996, 997, 959, 997, 957, 957, 997, 998, 957, 998, 955, 996, 999, 997, 997, 999, 998, 956, 954, 1000, 1000, 954, 989, 1000, 989, 1001, 1001, 989, 986, 1001, 986, 1002, 1002, 986, 983, 1002, 983, 1003, 1003, 983, 980, 1003, 980, 1004, 1004, 980, 976, 1004, 976, 974, 956, 1000, 958, 958, 1000, 1005, 958, 1005, 960, 960, 1005, 963, 1005, 1000, 1001, 1005, 1001, 1006, 1006, 1001, 1002, 1006, 1002, 1007, 1007, 1002, 1003, 1007, 1003, 1008, 1008, 1003, 1004, 1008, 1004, 1009, 1009, 1004, 974, 1009, 974, 972, 965, 963, 1006, 1006, 963, 1005, 965, 1006, 1007, 967, 965, 1007, 967, 1007, 1008, 969, 967, 1008, 969, 1008, 1009, 971, 969, 1009, 971, 1009, 972, 994, 995, 133, 133, 995, 992, 133, 992, 977, 977, 978, 133, 133, 978, 979, 133, 979, 981, 981, 982, 133, 133, 982, 984, 133, 984, 985, 985, 987, 133, 133, 987, 988, 133, 988, 990, 990, 991, 133, 133, 991, 953, 133, 953, 955, 133, 955, 163, 163, 955, 1010, 163, 1010, 311, 311, 1010, 1011, 1011, 1010, 1012, 1011, 1012, 1013, 1013, 1014, 1011, 1011, 1014, 1015, 1011, 1015, 1016, 1016, 1017, 1011, 1011, 1017, 1018, 1011, 1018, 1019, 1019, 1020, 1011, 1011, 1020, 1021, 1011, 1021, 1022, 1022, 1023, 1011, 1011, 1023, 1024, 1011, 1024, 1025, 1025, 1026, 1011, 311, 310, 163, 163, 310, 309, 163, 309, 307, 307, 305, 163, 163, 305, 304, 163, 304, 302, 302, 301, 163, 163, 301, 266, 163, 266, 267, 267, 268, 163, 163, 268, 270, 163, 270, 271, 271, 273, 163, 163, 273, 275, 163, 275, 276, 276, 253, 163, 163, 162, 133, 133, 162, 191, 133, 191, 190, 190, 189, 133, 133, 189, 188, 133, 188, 187, 187, 186, 133, 133, 186, 185, 133, 185, 184, 184, 183, 133, 133, 183, 182, 133, 182, 181, 181, 180, 133, 133, 180, 179, 133, 179, 178, 178, 66, 133, 1026, 1027, 1011, 1011, 1027, 1028, 1011, 1028, 1029, 1029, 1028, 1030, 1029, 1030, 1031, 1031, 1030, 1032, 1031, 1032, 1033, 1033, 1032, 1034, 1034, 1032, 1035, 1034, 1035, 1036, 1036, 1035, 1037, 1036, 1037, 1038, 1038, 1037, 1039, 1038, 1039, 1040, 1040, 1039, 1041, 1040, 1041, 1042, 1042, 1041, 1043, 1042, 1043, 1044, 1044, 1043, 1045, 1044, 1045, 1046, 1046, 1045, 1047, 1046, 1047, 1048, 1048, 1047, 1049, 1048, 1049, 1015, 1015, 1049, 1016, 1016, 1049, 1017, 1017, 1049, 1050, 1017, 1050, 1018, 1018, 1050, 1019, 1019, 1050, 1051, 1019, 1051, 1020, 1020, 1051, 1021, 1021, 1051, 1052, 1021, 1052, 1022, 1022, 1052, 1023, 1023, 1052, 1053, 1023, 1053, 1024, 1024, 1053, 1027, 1024, 1027, 1025, 1025, 1027, 1026, 1015, 1014, 1048, 1048, 1014, 1054, 1048, 1054, 1046, 1046, 1054, 1012, 1046, 1012, 1044, 1044, 1012, 1010, 1014, 1013, 1054, 1054, 1013, 1012, 1033, 1055, 1031, 1031, 1055, 1056, 1031, 1056, 1029, 1029, 1056, 1057, 1029, 1057, 1011, 1055, 1058, 1056, 1056, 1058, 1057, 1028, 1027, 1059, 1059, 1027, 1053, 1059, 1053, 1060, 1060, 1053, 1052, 1060, 1052, 1061, 1061, 1052, 1051, 1061, 1051, 1062, 1062, 1051, 1050, 1062, 1050, 1063, 1063, 1050, 1049, 1063, 1049, 1047, 1028, 1059, 1030, 1030, 1059, 1064, 1030, 1064, 1032, 1032, 1064, 1035, 1064, 1059, 1060, 1064, 1060, 1065, 1065, 1060, 1061, 1065, 1061, 1066, 1066, 1061, 1062, 1066, 1062, 1067, 1067, 1062, 1063, 1067, 1063, 1068, 1068, 1063, 1047, 1068, 1047, 1045, 1037, 1035, 1065, 1065, 1035, 1064, 1037, 1065, 1066, 1039, 1037, 1066, 1039, 1066, 1067, 1041, 1039, 1067, 1041, 1067, 1068, 1043, 1041, 1068, 1043, 1068, 1045, 311, 1069, 256, 256, 1069, 1070, 256, 1070, 1071, 1071, 1070, 1072, 1072, 1070, 1073, 1072, 1073, 1074, 1074, 1073, 1075, 1074, 1075, 1076, 1076, 1075, 1077, 1076, 1077, 1078, 1078, 1077, 1079, 1078, 1079, 1080, 1080, 1079, 1081, 1080, 1081, 1082, 1082, 1081, 1083, 1082, 1083, 1084, 1011, 1085, 311, 311, 1085, 1086, 311, 1086, 1087, 1057, 1088, 1011, 1011, 1088, 1089, 1011, 1089, 1090, 256, 1091, 1057, 1057, 1091, 1092, 1057, 1092, 1093, 1094, 1095, 1090, 1090, 1095, 1096, 1090, 1096, 1011, 1011, 1096, 1097, 1011, 1097, 1098, 1095, 1094, 1099, 1099, 1094, 1100, 1099, 1100, 1101, 1101, 1100, 1102, 1101, 1102, 1103, 1103, 1102, 1104, 1103, 1104, 1105, 1105, 1104, 1106, 1105, 1106, 1107, 1107, 1106, 1108, 1107, 1108, 1109, 1109, 1108, 1110, 1109, 1110, 1111, 1111, 1110, 1112, 1111, 1112, 1113, 1113, 1112, 1114, 1113, 1114, 1115, 1115, 1114, 1116, 1115, 1116, 1117, 1117, 1116, 1118, 1117, 1118, 1119, 1119, 1118, 1120, 1119, 1120, 1121, 1119, 1121, 1122, 1122, 1121, 1123, 1122, 1123, 1124, 1124, 1123, 1125, 1124, 1125, 1126, 1126, 1125, 1127, 1126, 1127, 1128, 1128, 1127, 1129, 1128, 1129, 1084, 1084, 1129, 1082, 1071, 1130, 256, 256, 1130, 1131, 256, 1131, 1132, 1132, 1133, 256, 256, 1133, 1134, 256, 1134, 1135, 1135, 1136, 256, 256, 1136, 1137, 256, 1137, 1138, 1138, 1139, 256, 256, 1139, 1140, 256, 1140, 1091, 1093, 1141, 1057, 1057, 1141, 1142, 1057, 1142, 1143, 1143, 1144, 1057, 1057, 1144, 1145, 1057, 1145, 1146, 1146, 1147, 1057, 1057, 1147, 1148, 1057, 1148, 1149, 1149, 1150, 1057, 1057, 1150, 1151, 1057, 1151, 1152, 1152, 1153, 1057, 1057, 1153, 1154, 1057, 1154, 1155, 1155, 1088, 1057, 1098, 1156, 1011, 1011, 1156, 1157, 1011, 1157, 1158, 1158, 1159, 1011, 1011, 1159, 1160, 1011, 1160, 1161, 1161, 1162, 1011, 1011, 1162, 1163, 1011, 1163, 1164, 1164, 1165, 1011, 1011, 1165, 1166, 1011, 1166, 1167, 1167, 1168, 1011, 1011, 1168, 1085, 1087, 1169, 311, 311, 1169, 1170, 311, 1170, 1171, 1171, 1172, 311, 311, 1172, 1173, 311, 1173, 1174, 1174, 1175, 311, 311, 1175, 1176, 311, 1176, 1177, 1177, 1178, 311, 311, 1178, 1179, 311, 1179, 1180, 1180, 1069, 311, 999, 22, 998, 998, 22, 18, 998, 18, 1044, 1044, 18, 256, 1044, 256, 1057, 999, 996, 22, 22, 996, 961, 22, 961, 962, 962, 964, 22, 22, 964, 966, 22, 966, 968, 968, 970, 22, 0, 2, 22, 22, 2, 4, 22, 4, 6, 6, 8, 22, 22, 8, 10, 22, 10, 12, 12, 14, 22, 22, 14, 16, 22, 16, 18, 251, 300, 18, 18, 300, 298, 18, 298, 295, 295, 291, 18, 18, 291, 286, 18, 286, 287, 287, 289, 18, 18, 289, 254, 18, 254, 256, 1058, 1055, 1057, 1057, 1055, 1033, 1057, 1033, 1034, 1034, 1036, 1057, 1057, 1036, 1038, 1057, 1038, 1040, 1040, 1042, 1057, 1057, 1042, 1044, 1181, 1182, 1183, 1183, 1182, 1184, 1183, 1184, 1185, 1185, 1184, 1186, 1185, 1186, 1187, 1187, 1186, 1188, 1187, 1188, 1189, 1189, 1188, 1190, 1189, 1190, 1191, 1191, 1190, 1192, 1191, 1192, 1193, 1193, 1192, 1194, 1193, 1194, 1195, 1195, 1194, 1196, 1195, 1196, 1197, 1197, 1196, 1198, 1197, 1198, 1199, 1199, 1198, 1200, 1199, 1200, 1201, 1201, 1200, 1202, 1201, 1202, 1203, 1203, 1202, 1204, 1203, 1204, 1205, 1205, 1204, 1206, 1205, 1206, 1207, 1207, 1206, 1208, 1207, 1208, 1209, 1209, 1208, 1210, 1209, 1210, 1211, 1211, 1210, 1212, 1211, 1212, 1213, 1213, 1212, 1214, 1213, 1214, 1215, 1215, 1214, 1216, 1215, 1216, 1217, 1217, 1216, 1218, 1217, 1218, 1219, 1219, 1218, 1220, 1219, 1220, 1221, 1221, 1220, 1222, 1221, 1222, 1223, 1223, 1222, 1224, 1223, 1224, 1225, 1225, 1224, 1226, 1225, 1226, 1227, 1227, 1226, 1228, 1227, 1228, 1229, 1229, 1228, 1230, 1229, 1230, 1231, 1231, 1230, 1232, 1231, 1232, 1233, 1233, 1232, 1234, 1233, 1234, 1235, 1235, 1234, 1236, 1235, 1236, 1237, 1237, 1236, 1238, 1237, 1238, 1239, 1239, 1238, 1240, 1239, 1240, 1241, 1241, 1240, 1242, 1241, 1242, 1243, 1243, 1242, 1244, 1243, 1244, 1245, 1245, 1244, 1246, 1245, 1246, 1247, 1247, 1246, 1248, 1247, 1248, 1249, 1249, 1248, 1250, 1249, 1250, 1251, 1251, 1250, 1252, 1251, 1252, 1181, 1181, 1252, 1182, 527, 1186, 526, 526, 1186, 1184, 526, 1184, 525, 525, 1184, 1182, 525, 1182, 524, 524, 1182, 1252, 524, 1252, 570, 570, 1252, 1250, 570, 1250, 568, 568, 1250, 1248, 568, 1248, 566, 566, 1248, 1246, 566, 1246, 564, 564, 1246, 1244, 564, 1244, 500, 500, 1244, 1242, 500, 1242, 501, 501, 1242, 1240, 501, 1240, 502, 502, 1240, 1238, 502, 1238, 635, 635, 1238, 1236, 635, 1236, 636, 636, 1236, 1234, 636, 1234, 637, 637, 1234, 1232, 637, 1232, 638, 638, 1232, 1230, 638, 1230, 639, 639, 1230, 1228, 639, 1228, 640, 640, 1228, 1226, 640, 1226, 641, 641, 1226, 1224, 641, 1224, 642, 642, 1224, 1222, 642, 1222, 497, 497, 1222, 1220, 497, 1220, 498, 498, 1220, 1218, 498, 1218, 542, 542, 1218, 1216, 542, 1216, 541, 541, 1216, 1214, 541, 1214, 540, 540, 1214, 1212, 540, 1212, 539, 539, 1212, 1210, 539, 1210, 538, 538, 1210, 1208, 538, 1208, 537, 537, 1208, 1206, 537, 1206, 536, 536, 1206, 1204, 536, 1204, 535, 535, 1204, 1202, 535, 1202, 534, 534, 1202, 1200, 534, 1200, 533, 533, 1200, 1198, 533, 1198, 532, 532, 1198, 1196, 532, 1196, 531, 531, 1196, 1194, 531, 1194, 530, 530, 1194, 1192, 530, 1192, 529, 529, 1192, 1190, 529, 1190, 528, 528, 1190, 1188, 528, 1188, 527, 527, 1188, 1186, 1253, 1254, 1255, 1255, 1254, 1256, 1255, 1256, 1257, 1257, 1256, 1258, 1257, 1258, 1259, 1259, 1258, 1260, 1259, 1260, 1261, 1261, 1260, 1262, 1261, 1262, 1263, 1263, 1262, 1264, 1263, 1264, 1265, 1265, 1264, 1266, 1265, 1266, 1267, 1267, 1266, 1268, 1267, 1268, 1269, 1269, 1268, 1270, 1269, 1270, 1271, 1271, 1270, 1272, 1271, 1272, 1273, 1273, 1272, 1274, 1273, 1274, 1275, 1275, 1274, 1276, 1275, 1276, 1277, 1277, 1276, 1278, 1277, 1278, 1279, 1279, 1278, 1280, 1279, 1280, 1281, 1281, 1280, 1282, 1281, 1282, 1283, 1283, 1282, 1284, 1283, 1284, 1285, 1285, 1284, 1286, 1285, 1286, 1287, 1287, 1286, 1288, 1287, 1288, 1289, 1289, 1288, 1290, 1289, 1290, 1291, 1291, 1290, 1292, 1291, 1292, 1293, 1293, 1292, 1294, 1293, 1294, 1295, 1295, 1294, 1296, 1295, 1296, 1297, 1297, 1296, 1298, 1297, 1298, 1299, 1299, 1298, 1300, 1299, 1300, 1301, 1301, 1300, 1302, 1301, 1302, 1303, 1303, 1302, 1304, 1303, 1304, 1305, 1305, 1304, 1306, 1305, 1306, 1307, 1307, 1306, 1308, 1307, 1308, 1309, 1309, 1308, 1310, 1309, 1310, 1311, 1311, 1310, 1312, 1311, 1312, 1313, 1313, 1312, 1314, 1313, 1314, 1315, 1315, 1314, 1316, 1315, 1316, 1317, 1317, 1316, 1318, 1317, 1318, 1319, 1319, 1318, 1320, 1319, 1320, 1321, 1321, 1320, 1322, 1321, 1322, 1323, 1323, 1322, 1324, 1323, 1324, 1253, 1253, 1324, 1254, 634, 1258, 545, 545, 1258, 1256, 545, 1256, 546, 546, 1256, 1254, 546, 1254, 609, 609, 1254, 1324, 609, 1324, 610, 610, 1324, 1322, 610, 1322, 611, 611, 1322, 1320, 611, 1320, 612, 612, 1320, 1318, 612, 1318, 613, 613, 1318, 1316, 613, 1316, 614, 614, 1316, 1314, 614, 1314, 615, 615, 1314, 1312, 615, 1312, 616, 616, 1312, 1310, 616, 1310, 617, 617, 1310, 1308, 617, 1308, 618, 618, 1308, 1306, 618, 1306, 619, 619, 1306, 1304, 619, 1304, 620, 620, 1304, 1302, 620, 1302, 621, 621, 1302, 1300, 621, 1300, 622, 622, 1300, 1298, 622, 1298, 623, 623, 1298, 1296, 623, 1296, 624, 624, 1296, 1294, 624, 1294, 625, 625, 1294, 1292, 625, 1292, 591, 591, 1292, 1290, 591, 1290, 590, 590, 1290, 1288, 590, 1288, 588, 588, 1288, 1286, 588, 1286, 586, 586, 1286, 1284, 586, 1284, 584, 584, 1284, 1282, 584, 1282, 582, 582, 1282, 1280, 582, 1280, 548, 548, 1280, 1278, 548, 1278, 549, 549, 1278, 1276, 549, 1276, 626, 626, 1276, 1274, 626, 1274, 627, 627, 1274, 1272, 627, 1272, 628, 628, 1272, 1270, 628, 1270, 629, 629, 1270, 1268, 629, 1268, 630, 630, 1268, 1266, 630, 1266, 631, 631, 1266, 1264, 631, 1264, 632, 632, 1264, 1262, 632, 1262, 633, 633, 1262, 1260, 633, 1260, 634, 634, 1260, 1258, 1325, 1326, 1327, 1327, 1326, 1328, 1327, 1328, 1329, 1329, 1328, 1330, 1329, 1330, 1331, 1331, 1330, 1332, 1331, 1332, 1333, 1333, 1332, 1334, 1333, 1334, 1335, 1335, 1334, 1336, 1335, 1336, 1337, 1337, 1336, 1338, 1337, 1338, 1339, 1339, 1338, 1340, 1339, 1340, 1341, 1341, 1340, 1342, 1341, 1342, 1343, 1343, 1342, 1344, 1343, 1344, 1345, 1345, 1344, 1346, 1345, 1346, 1347, 1347, 1346, 1348, 1347, 1348, 1349, 1349, 1348, 1350, 1349, 1350, 1351, 1351, 1350, 1352, 1351, 1352, 1353, 1353, 1352, 1354, 1353, 1354, 1355, 1355, 1354, 1356, 1355, 1356, 1357, 1357, 1356, 1358, 1357, 1358, 1359, 1359, 1358, 1360, 1359, 1360, 1361, 1361, 1360, 1362, 1361, 1362, 1363, 1363, 1362, 1364, 1363, 1364, 1365, 1365, 1364, 1366, 1365, 1366, 1367, 1367, 1366, 1368, 1367, 1368, 1369, 1369, 1368, 1370, 1369, 1370, 1371, 1371, 1370, 1372, 1371, 1372, 1373, 1373, 1372, 1374, 1373, 1374, 1375, 1375, 1374, 1376, 1375, 1376, 1377, 1377, 1376, 1378, 1377, 1378, 1379, 1379, 1378, 1380, 1379, 1380, 1381, 1381, 1380, 1382, 1381, 1382, 1383, 1383, 1382, 1384, 1383, 1384, 1385, 1385, 1384, 1386, 1385, 1386, 1387, 1387, 1386, 1388, 1387, 1388, 1389, 1389, 1388, 1390, 1389, 1390, 1391, 1391, 1390, 1392, 1391, 1392, 1393, 1393, 1392, 1394, 1393, 1394, 1395, 1395, 1394, 1396, 1395, 1396, 1325, 1325, 1396, 1326, 608, 1330, 490, 490, 1330, 1328, 490, 1328, 491, 491, 1328, 1326, 491, 1326, 572, 572, 1326, 1396, 572, 1396, 573, 573, 1396, 1394, 573, 1394, 574, 574, 1394, 1392, 574, 1392, 575, 575, 1392, 1390, 575, 1390, 576, 576, 1390, 1388, 576, 1388, 577, 577, 1388, 1386, 577, 1386, 578, 578, 1386, 1384, 578, 1384, 579, 579, 1384, 1382, 579, 1382, 580, 580, 1382, 1380, 580, 1380, 547, 547, 1380, 1378, 547, 1378, 581, 581, 1378, 1376, 581, 1376, 583, 583, 1376, 1374, 583, 1374, 585, 585, 1374, 1372, 585, 1372, 587, 587, 1372, 1370, 587, 1370, 589, 589, 1370, 1368, 589, 1368, 592, 592, 1368, 1366, 592, 1366, 593, 593, 1366, 1364, 593, 1364, 594, 594, 1364, 1362, 594, 1362, 595, 595, 1362, 1360, 595, 1360, 596, 596, 1360, 1358, 596, 1358, 597, 597, 1358, 1356, 597, 1356, 598, 598, 1356, 1354, 598, 1354, 599, 599, 1354, 1352, 599, 1352, 600, 600, 1352, 1350, 600, 1350, 601, 601, 1350, 1348, 601, 1348, 602, 602, 1348, 1346, 602, 1346, 603, 603, 1346, 1344, 603, 1344, 604, 604, 1344, 1342, 604, 1342, 605, 605, 1342, 1340, 605, 1340, 493, 493, 1340, 1338, 493, 1338, 494, 494, 1338, 1336, 494, 1336, 606, 606, 1336, 1334, 606, 1334, 607, 607, 1334, 1332, 607, 1332, 608, 608, 1332, 1330, 1397, 1398, 1399, 1399, 1398, 1400, 1399, 1400, 1401, 1401, 1400, 1402, 1401, 1402, 1403, 1403, 1402, 1404, 1403, 1404, 1405, 1405, 1404, 1406, 1405, 1406, 1407, 1407, 1406, 1408, 1407, 1408, 1409, 1409, 1408, 1410, 1409, 1410, 1411, 1411, 1410, 1412, 1411, 1412, 1413, 1413, 1412, 1414, 1413, 1414, 1415, 1415, 1414, 1416, 1415, 1416, 1417, 1417, 1416, 1418, 1417, 1418, 1419, 1419, 1418, 1420, 1419, 1420, 1421, 1421, 1420, 1422, 1421, 1422, 1423, 1423, 1422, 1424, 1423, 1424, 1425, 1425, 1424, 1426, 1425, 1426, 1427, 1427, 1426, 1428, 1427, 1428, 1429, 1429, 1428, 1430, 1429, 1430, 1431, 1431, 1430, 1432, 1431, 1432, 1433, 1433, 1432, 1434, 1433, 1434, 1435, 1435, 1434, 1436, 1435, 1436, 1437, 1437, 1436, 1438, 1437, 1438, 1439, 1439, 1438, 1440, 1439, 1440, 1441, 1441, 1440, 1442, 1441, 1442, 1443, 1443, 1442, 1444, 1443, 1444, 1445, 1445, 1444, 1446, 1445, 1446, 1447, 1447, 1446, 1448, 1447, 1448, 1449, 1449, 1448, 1450, 1449, 1450, 1451, 1451, 1450, 1452, 1451, 1452, 1453, 1453, 1452, 1454, 1453, 1454, 1455, 1455, 1454, 1456, 1455, 1456, 1457, 1457, 1456, 1458, 1457, 1458, 1459, 1459, 1458, 1460, 1459, 1460, 1461, 1461, 1460, 1462, 1461, 1462, 1463, 1463, 1462, 1464, 1463, 1464, 1465, 1465, 1464, 1466, 1465, 1466, 1467, 1467, 1466, 1468, 1467, 1468, 1397, 1397, 1468, 1398, 522, 1402, 521, 521, 1402, 1400, 521, 1400, 520, 520, 1400, 1398, 520, 1398, 519, 519, 1398, 1468, 519, 1468, 518, 518, 1468, 1466, 518, 1466, 517, 517, 1466, 1464, 517, 1464, 516, 516, 1464, 1462, 516, 1462, 515, 515, 1462, 1460, 515, 1460, 514, 514, 1460, 1458, 514, 1458, 513, 513, 1458, 1456, 513, 1456, 512, 512, 1456, 1454, 512, 1454, 511, 511, 1454, 1452, 511, 1452, 510, 510, 1452, 1450, 510, 1450, 509, 509, 1450, 1448, 509, 1448, 508, 508, 1448, 1446, 508, 1446, 550, 550, 1446, 1444, 550, 1444, 551, 551, 1444, 1442, 551, 1442, 552, 552, 1442, 1440, 552, 1440, 553, 553, 1440, 1438, 553, 1438, 505, 505, 1438, 1436, 505, 1436, 506, 506, 1436, 1434, 506, 1434, 554, 554, 1434, 1432, 554, 1432, 555, 555, 1432, 1430, 555, 1430, 556, 556, 1430, 1428, 556, 1428, 557, 557, 1428, 1426, 557, 1426, 558, 558, 1426, 1424, 558, 1424, 559, 559, 1424, 1422, 559, 1422, 560, 560, 1422, 1420, 560, 1420, 561, 561, 1420, 1418, 561, 1418, 562, 562, 1418, 1416, 562, 1416, 563, 563, 1416, 1414, 563, 1414, 565, 565, 1414, 1412, 565, 1412, 567, 567, 1412, 1410, 567, 1410, 569, 569, 1410, 1408, 569, 1408, 571, 571, 1408, 1406, 571, 1406, 523, 523, 1406, 1404, 523, 1404, 522, 522, 1404, 1402, 1469, 1470, 487, 487, 1470, 488, 1471, 1469, 489, 489, 1469, 487, 1472, 1471, 544, 544, 1471, 489, 1473, 1472, 543, 543, 1472, 544, 1474, 1473, 507, 507, 1473, 543, 1475, 1474, 504, 504, 1474, 507, 1476, 1475, 503, 503, 1475, 504, 1477, 1476, 499, 499, 1476, 503, 1478, 1477, 496, 496, 1477, 499, 1479, 1478, 495, 495, 1478, 496, 1480, 1479, 492, 492, 1479, 495, 1470, 1480, 488, 488, 1480, 492, 407, 1289, 216, 216, 1289, 1291, 216, 1291, 1293, 404, 1205, 407, 407, 1205, 1480, 407, 1480, 1470, 213, 1407, 404, 404, 1407, 1247, 404, 1247, 1249, 216, 1449, 213, 213, 1449, 1451, 213, 1451, 1453, 1181, 1183, 404, 404, 1183, 1185, 404, 1185, 1187, 1187, 1189, 404, 404, 1189, 1191, 404, 1191, 1193, 1193, 1195, 404, 404, 1195, 1197, 404, 1197, 1199, 1199, 1201, 404, 404, 1201, 1203, 404, 1203, 1205, 1205, 1207, 1480, 1480, 1207, 1209, 1480, 1209, 1211, 1211, 1213, 1480, 1480, 1213, 1215, 1480, 1215, 1217, 1217, 1219, 1480, 1480, 1219, 1221, 1480, 1221, 1478, 1478, 1221, 1223, 1478, 1223, 1225, 1225, 1227, 1478, 1478, 1227, 1229, 1478, 1229, 1231, 1231, 1233, 1478, 1478, 1233, 1235, 1478, 1235, 1237, 1237, 1239, 1478, 1478, 1239, 1241, 1478, 1241, 1477, 1477, 1241, 1413, 1477, 1413, 1415, 1241, 1243, 1413, 1413, 1243, 1411, 1411, 1243, 1245, 1411, 1245, 1409, 1409, 1245, 1247, 1409, 1247, 1407, 1249, 1251, 404, 404, 1251, 1181, 1253, 1255, 1474, 1474, 1255, 1257, 1474, 1257, 1472, 1472, 1257, 1259, 1472, 1259, 1261, 1261, 1263, 1472, 1472, 1263, 1265, 1472, 1265, 1267, 1267, 1269, 1472, 1472, 1269, 1271, 1472, 1271, 1273, 1273, 1275, 1472, 1472, 1275, 1277, 1472, 1277, 1377, 1377, 1277, 1375, 1375, 1277, 1279, 1375, 1279, 1373, 1373, 1279, 1281, 1373, 1281, 1371, 1371, 1281, 1283, 1371, 1283, 1369, 1369, 1283, 1285, 1369, 1285, 1367, 1367, 1285, 1287, 1367, 1287, 1289, 1293, 1295, 216, 216, 1295, 1297, 216, 1297, 1299, 1299, 1301, 216, 216, 1301, 1303, 216, 1303, 1305, 1305, 1307, 216, 216, 1307, 1309, 216, 1309, 1311, 1311, 1313, 216, 216, 1313, 1315, 216, 1315, 1317, 216, 1317, 1474, 1474, 1317, 1319, 1474, 1319, 1321, 1321, 1323, 1474, 1474, 1323, 1253, 1325, 1327, 1470, 1470, 1327, 1329, 1470, 1329, 1331, 1331, 1333, 1470, 1470, 1333, 1335, 1470, 1335, 1337, 1470, 1337, 407, 407, 1337, 1339, 407, 1339, 1341, 1341, 1343, 407, 407, 1343, 1345, 407, 1345, 1347, 1347, 1349, 407, 407, 1349, 1351, 407, 1351, 1353, 1353, 1355, 407, 407, 1355, 1357, 407, 1357, 1359, 1359, 1361, 407, 407, 1361, 1363, 407, 1363, 1365, 407, 1365, 1289, 1289, 1365, 1367, 1472, 1377, 1471, 1471, 1377, 1379, 1471, 1379, 1381, 1381, 1383, 1471, 1471, 1383, 1385, 1471, 1385, 1387, 1387, 1389, 1471, 1471, 1389, 1391, 1471, 1391, 1393, 1393, 1395, 1471, 1471, 1395, 1325, 1471, 1325, 1470, 1397, 1399, 213, 213, 1399, 1401, 213, 1401, 1403, 1403, 1405, 213, 213, 1405, 1407, 1415, 1417, 1477, 1477, 1417, 1419, 1477, 1419, 1421, 1421, 1423, 1477, 1477, 1423, 1425, 1477, 1425, 1427, 1427, 1429, 1477, 1477, 1429, 1431, 1477, 1431, 1433, 1477, 1433, 1475, 1475, 1433, 1435, 1475, 1435, 1437, 1437, 1439, 1475, 1475, 1439, 1441, 1475, 1441, 1443, 1443, 1445, 1475, 1475, 1445, 1447, 1475, 1447, 1449, 1453, 1455, 213, 213, 1455, 1457, 213, 1457, 1459, 1459, 1461, 213, 213, 1461, 1463, 213, 1463, 1465, 1465, 1467, 213, 213, 1467, 1397, 1470, 1469, 1471, 1472, 1473, 1474, 1474, 1475, 216, 216, 1475, 1449, 1475, 1476, 1477, 1478, 1479, 1480, 337, 369, 194, 194, 369, 195, 998, 1044, 955, 955, 1044, 1010, 1481, 44, 1482, 1482, 44, 46, 1482, 46, 1483, 1483, 46, 48, 1483, 48, 50, 1481, 1484, 44, 44, 1484, 41, 41, 1484, 1485, 41, 1485, 39, 39, 1485, 1486, 39, 1486, 37, 37, 1486, 1487, 37, 1487, 96, 96, 1487, 1488, 96, 1488, 95, 95, 1488, 1489, 95, 1489, 94, 94, 1489, 1490, 94, 1490, 93, 93, 1490, 1491, 93, 1491, 92, 92, 1491, 1492, 92, 1492, 91, 91, 1492, 1493, 91, 1493, 90, 90, 1493, 1494, 90, 1494, 89, 89, 1494, 1495, 89, 1495, 88, 88, 1495, 1496, 88, 1496, 87, 87, 1496, 1497, 87, 1497, 86, 86, 1497, 1498, 86, 1498, 85, 85, 1498, 1499, 85, 1499, 84, 84, 1499, 1500, 84, 1500, 83, 83, 1500, 1501, 83, 1501, 82, 82, 1501, 1502, 82, 1502, 81, 81, 1502, 1503, 81, 1503, 80, 80, 1503, 1504, 80, 1504, 79, 79, 1504, 1505, 79, 1505, 78, 78, 1505, 1506, 78, 1506, 77, 77, 1506, 1507, 77, 1507, 76, 76, 1507, 1508, 76, 1508, 75, 75, 1508, 1509, 75, 1509, 74, 74, 1509, 1510, 74, 1510, 73, 73, 1510, 1511, 73, 1511, 72, 72, 1511, 1512, 72, 1512, 71, 71, 1512, 1513, 71, 1513, 70, 70, 1513, 1514, 70, 1514, 69, 69, 1514, 1515, 69, 1515, 68, 68, 1515, 1516, 68, 1516, 67, 67, 1516, 1517, 67, 1517, 65, 65, 1517, 1518, 65, 1518, 63, 63, 1518, 1519, 63, 1519, 62, 62, 1519, 1520, 62, 1520, 60, 60, 1520, 1521, 60, 1521, 58, 58, 1521, 1522, 58, 1522, 56, 56, 1522, 1523, 56, 1523, 54, 54, 1523, 1524, 54, 1524, 52, 52, 1524, 1525, 52, 1525, 50, 50, 1525, 1483, 1481, 1482, 1502, 1502, 1482, 1483, 1502, 1483, 1525, 1525, 1524, 1502, 1502, 1524, 1523, 1502, 1523, 1522, 1522, 1521, 1502, 1502, 1521, 1520, 1502, 1520, 1519, 1519, 1518, 1502, 1502, 1518, 1517, 1502, 1517, 1516, 1516, 1515, 1502, 1502, 1515, 1514, 1502, 1514, 1513, 1513, 1512, 1502, 1502, 1512, 1511, 1502, 1511, 1510, 1510, 1509, 1502, 1502, 1509, 1508, 1502, 1508, 1507, 1502, 1507, 1503, 1503, 1507, 1506, 1503, 1506, 1504, 1504, 1506, 1505, 1501, 1485, 1502, 1502, 1485, 1484, 1502, 1484, 1481, 1485, 1501, 1486, 1486, 1501, 1500, 1486, 1500, 1487, 1487, 1500, 1499, 1487, 1499, 1488, 1488, 1499, 1498, 1488, 1498, 1489, 1489, 1498, 1497, 1489, 1497, 1490, 1490, 1497, 1496, 1490, 1496, 1491, 1491, 1496, 1495, 1491, 1495, 1492, 1492, 1495, 1494, 1492, 1494, 1493, 1526, 1156, 1527, 1527, 1156, 1098, 1527, 1098, 1528, 1528, 1098, 1097, 1528, 1097, 1529, 1529, 1097, 1096, 1529, 1096, 1530, 1530, 1096, 1095, 1530, 1095, 1531, 1531, 1095, 1099, 1531, 1099, 1532, 1532, 1099, 1101, 1532, 1101, 1533, 1533, 1101, 1103, 1533, 1103, 1534, 1534, 1103, 1105, 1534, 1105, 1535, 1535, 1105, 1107, 1535, 1107, 1536, 1536, 1107, 1109, 1536, 1109, 1537, 1537, 1109, 1111, 1537, 1111, 1538, 1538, 1111, 1113, 1538, 1113, 1539, 1539, 1113, 1115, 1539, 1115, 1540, 1540, 1115, 1117, 1540, 1117, 1541, 1541, 1117, 1119, 1541, 1119, 1542, 1542, 1119, 1122, 1542, 1122, 1543, 1543, 1122, 1124, 1543, 1124, 1544, 1544, 1124, 1126, 1544, 1126, 1545, 1545, 1126, 1128, 1545, 1128, 1546, 1546, 1128, 1084, 1546, 1084, 1547, 1547, 1084, 1083, 1547, 1083, 1548, 1548, 1083, 1081, 1548, 1081, 1549, 1549, 1081, 1079, 1549, 1079, 1550, 1550, 1079, 1077, 1550, 1077, 1551, 1551, 1077, 1075, 1551, 1075, 1552, 1552, 1075, 1073, 1552, 1073, 1553, 1553, 1073, 1070, 1553, 1070, 1554, 1554, 1070, 1069, 1554, 1069, 1555, 1555, 1069, 1180, 1555, 1180, 1556, 1556, 1180, 1179, 1556, 1179, 1557, 1557, 1179, 1178, 1557, 1178, 1558, 1558, 1178, 1177, 1558, 1177, 1559, 1559, 1177, 1176, 1559, 1176, 1560, 1560, 1176, 1175, 1560, 1175, 1561, 1561, 1175, 1174, 1561, 1174, 1562, 1562, 1174, 1173, 1562, 1173, 1563, 1563, 1173, 1172, 1563, 1172, 1564, 1564, 1172, 1171, 1564, 1171, 1565, 1565, 1171, 1170, 1565, 1170, 1566, 1566, 1170, 1169, 1566, 1169, 1567, 1567, 1169, 1087, 1567, 1087, 1568, 1568, 1087, 1086, 1568, 1086, 1569, 1569, 1086, 1085, 1569, 1085, 1570, 1570, 1085, 1168, 1570, 1168, 1571, 1571, 1168, 1167, 1571, 1167, 1572, 1572, 1167, 1166, 1572, 1166, 1573, 1573, 1166, 1165, 1573, 1165, 1574, 1574, 1165, 1164, 1574, 1164, 1575, 1575, 1164, 1163, 1575, 1163, 1576, 1576, 1163, 1162, 1576, 1162, 1577, 1577, 1162, 1161, 1577, 1161, 1578, 1578, 1161, 1160, 1578, 1160, 1579, 1579, 1160, 1159, 1579, 1159, 1580, 1580, 1159, 1158, 1580, 1158, 1581, 1581, 1158, 1157, 1581, 1157, 1526, 1526, 1157, 1156, 1582, 1526, 1583, 1583, 1526, 1527, 1583, 1527, 1528, 1526, 1582, 1581, 1581, 1582, 1584, 1581, 1584, 1580, 1580, 1584, 1585, 1580, 1585, 1579, 1579, 1585, 1586, 1579, 1586, 1578, 1578, 1586, 1577, 1577, 1586, 1587, 1577, 1587, 1576, 1576, 1587, 1588, 1576, 1588, 1575, 1575, 1588, 1589, 1575, 1589, 1574, 1574, 1589, 1573, 1573, 1589, 1590, 1573, 1590, 1572, 1572, 1590, 1591, 1572, 1591, 1571, 1571, 1591, 1592, 1571, 1592, 1570, 1570, 1592, 1593, 1570, 1593, 1569, 1569, 1593, 1568, 1568, 1593, 1594, 1568, 1594, 1567, 1567, 1594, 1595, 1567, 1595, 1566, 1566, 1595, 1596, 1566, 1596, 1565, 1565, 1596, 1597, 1565, 1597, 1564, 1564, 1597, 1563, 1563, 1597, 1598, 1563, 1598, 1562, 1562, 1598, 1599, 1562, 1599, 1561, 1561, 1599, 1600, 1561, 1600, 1560, 1560, 1600, 1559, 1559, 1600, 1601, 1559, 1601, 1558, 1558, 1601, 1602, 1558, 1602, 1557, 1557, 1602, 1603, 1557, 1603, 1556, 1556, 1603, 1604, 1556, 1604, 1555, 1555, 1604, 1554, 1554, 1604, 1605, 1554, 1605, 1553, 1553, 1605, 1606, 1553, 1606, 1552, 1552, 1606, 1607, 1552, 1607, 1551, 1551, 1607, 1608, 1551, 1608, 1550, 1550, 1608, 1549, 1549, 1608, 1609, 1549, 1609, 1548, 1548, 1609, 1610, 1548, 1610, 1547, 1547, 1610, 1611, 1547, 1611, 1546, 1546, 1611, 1545, 1545, 1611, 1612, 1545, 1612, 1544, 1544, 1612, 1613, 1544, 1613, 1543, 1543, 1613, 1614, 1543, 1614, 1542, 1542, 1614, 1615, 1542, 1615, 1541, 1541, 1615, 1540, 1540, 1615, 1616, 1540, 1616, 1539, 1539, 1616, 1617, 1539, 1617, 1538, 1538, 1617, 1618, 1538, 1618, 1537, 1537, 1618, 1619, 1537, 1619, 1536, 1536, 1619, 1535, 1535, 1619, 1620, 1535, 1620, 1534, 1534, 1620, 1621, 1534, 1621, 1533, 1533, 1621, 1622, 1533, 1622, 1532, 1532, 1622, 1531, 1531, 1622, 1623, 1531, 1623, 1530, 1530, 1623, 1624, 1530, 1624, 1529, 1529, 1624, 1625, 1529, 1625, 1528, 1528, 1625, 1583, 1626, 1089, 1627, 1627, 1089, 1088, 1627, 1088, 1628, 1628, 1088, 1155, 1628, 1155, 1629, 1629, 1155, 1154, 1629, 1154, 1630, 1630, 1154, 1153, 1630, 1153, 1631, 1631, 1153, 1152, 1631, 1152, 1632, 1632, 1152, 1151, 1632, 1151, 1633, 1633, 1151, 1150, 1633, 1150, 1634, 1634, 1150, 1149, 1634, 1149, 1635, 1635, 1149, 1148, 1635, 1148, 1636, 1636, 1148, 1147, 1636, 1147, 1637, 1637, 1147, 1146, 1637, 1146, 1638, 1638, 1146, 1145, 1638, 1145, 1639, 1639, 1145, 1144, 1639, 1144, 1640, 1640, 1144, 1143, 1640, 1143, 1641, 1641, 1143, 1142, 1641, 1142, 1642, 1642, 1142, 1141, 1642, 1141, 1643, 1643, 1141, 1093, 1643, 1093, 1644, 1644, 1093, 1092, 1644, 1092, 1645, 1645, 1092, 1091, 1645, 1091, 1646, 1646, 1091, 1140, 1646, 1140, 1647, 1647, 1140, 1139, 1647, 1139, 1648, 1648, 1139, 1138, 1648, 1138, 1649, 1649, 1138, 1137, 1649, 1137, 1650, 1650, 1137, 1136, 1650, 1136, 1651, 1651, 1136, 1135, 1651, 1135, 1652, 1652, 1135, 1134, 1652, 1134, 1653, 1653, 1134, 1133, 1653, 1133, 1654, 1654, 1133, 1132, 1654, 1132, 1655, 1655, 1132, 1131, 1655, 1131, 1656, 1656, 1131, 1130, 1656, 1130, 1657, 1657, 1130, 1071, 1657, 1071, 1658, 1658, 1071, 1072, 1658, 1072, 1659, 1659, 1072, 1074, 1659, 1074, 1660, 1660, 1074, 1076, 1660, 1076, 1661, 1661, 1076, 1078, 1661, 1078, 1662, 1662, 1078, 1080, 1662, 1080, 1663, 1663, 1080, 1082, 1663, 1082, 1664, 1664, 1082, 1129, 1664, 1129, 1665, 1665, 1129, 1127, 1665, 1127, 1666, 1666, 1127, 1125, 1666, 1125, 1667, 1667, 1125, 1123, 1667, 1123, 1668, 1668, 1123, 1121, 1668, 1121, 1669, 1669, 1121, 1120, 1669, 1120, 1670, 1670, 1120, 1118, 1670, 1118, 1671, 1671, 1118, 1116, 1671, 1116, 1672, 1672, 1116, 1114, 1672, 1114, 1673, 1673, 1114, 1112, 1673, 1112, 1674, 1674, 1112, 1110, 1674, 1110, 1675, 1675, 1110, 1108, 1675, 1108, 1676, 1676, 1108, 1106, 1676, 1106, 1677, 1677, 1106, 1104, 1677, 1104, 1678, 1678, 1104, 1102, 1678, 1102, 1679, 1679, 1102, 1100, 1679, 1100, 1680, 1680, 1100, 1094, 1680, 1094, 1681, 1681, 1094, 1090, 1681, 1090, 1626, 1626, 1090, 1089, 1682, 1626, 1683, 1683, 1626, 1627, 1683, 1627, 1628, 1626, 1682, 1681, 1681, 1682, 1684, 1681, 1684, 1680, 1680, 1684, 1685, 1680, 1685, 1679, 1679, 1685, 1686, 1679, 1686, 1678, 1678, 1686, 1677, 1677, 1686, 1687, 1677, 1687, 1676, 1676, 1687, 1688, 1676, 1688, 1675, 1675, 1688, 1689, 1675, 1689, 1674, 1674, 1689, 1673, 1673, 1689, 1690, 1673, 1690, 1672, 1672, 1690, 1691, 1672, 1691, 1671, 1671, 1691, 1692, 1671, 1692, 1670, 1670, 1692, 1693, 1670, 1693, 1669, 1669, 1693, 1668, 1668, 1693, 1694, 1668, 1694, 1667, 1667, 1694, 1695, 1667, 1695, 1666, 1666, 1695, 1696, 1666, 1696, 1665, 1665, 1696, 1697, 1665, 1697, 1664, 1664, 1697, 1663, 1663, 1697, 1698, 1663, 1698, 1662, 1662, 1698, 1699, 1662, 1699, 1661, 1661, 1699, 1700, 1661, 1700, 1660, 1660, 1700, 1659, 1659, 1700, 1701, 1659, 1701, 1658, 1658, 1701, 1702, 1658, 1702, 1657, 1657, 1702, 1703, 1657, 1703, 1656, 1656, 1703, 1704, 1656, 1704, 1655, 1655, 1704, 1654, 1654, 1704, 1705, 1654, 1705, 1653, 1653, 1705, 1706, 1653, 1706, 1652, 1652, 1706, 1707, 1652, 1707, 1651, 1651, 1707, 1708, 1651, 1708, 1650, 1650, 1708, 1649, 1649, 1708, 1709, 1649, 1709, 1648, 1648, 1709, 1710, 1648, 1710, 1647, 1647, 1710, 1711, 1647, 1711, 1646, 1646, 1711, 1645, 1645, 1711, 1712, 1645, 1712, 1644, 1644, 1712, 1713, 1644, 1713, 1643, 1643, 1713, 1714, 1643, 1714, 1642, 1642, 1714, 1715, 1642, 1715, 1641, 1641, 1715, 1640, 1640, 1715, 1716, 1640, 1716, 1639, 1639, 1716, 1717, 1639, 1717, 1638, 1638, 1717, 1718, 1638, 1718, 1637, 1637, 1718, 1719, 1637, 1719, 1636, 1636, 1719, 1635, 1635, 1719, 1720, 1635, 1720, 1634, 1634, 1720, 1721, 1634, 1721, 1633, 1633, 1721, 1722, 1633, 1722, 1632, 1632, 1722, 1631, 1631, 1722, 1723, 1631, 1723, 1630, 1630, 1723, 1724, 1630, 1724, 1629, 1629, 1724, 1725, 1629, 1725, 1628, 1628, 1725, 1683, 1625, 134, 1583, 1583, 134, 135, 1583, 135, 1582, 1582, 135, 136, 1582, 136, 1584, 1584, 136, 137, 1584, 137, 1585, 1585, 137, 138, 1585, 138, 1586, 1586, 138, 139, 1586, 139, 1587, 1587, 139, 140, 1587, 140, 1588, 1588, 140, 141, 1588, 141, 1589, 1589, 141, 142, 1589, 142, 1590, 1590, 142, 143, 1590, 143, 1591, 1591, 143, 144, 1591, 144, 1592, 1592, 144, 145, 1592, 145, 1593, 1593, 145, 146, 1593, 146, 1594, 1594, 146, 147, 1594, 147, 1595, 1595, 147, 148, 1595, 148, 1596, 1596, 148, 149, 1596, 149, 1597, 1597, 149, 150, 1597, 150, 1598, 1598, 150, 151, 1598, 151, 1599, 1599, 151, 152, 1599, 152, 1600, 1600, 152, 153, 1600, 153, 1601, 1601, 153, 154, 1601, 154, 1602, 1602, 154, 155, 1602, 155, 1603, 1603, 155, 64, 1603, 64, 1604, 1604, 64, 61, 1604, 61, 1605, 1605, 61, 59, 1605, 59, 1606, 1606, 59, 57, 1606, 57, 1607, 1607, 57, 98, 1607, 98, 1608, 1608, 98, 100, 1608, 100, 1609, 1609, 100, 102, 1609, 102, 1610, 1610, 102, 104, 1610, 104, 1611, 1611, 104, 106, 1611, 106, 1612, 1612, 106, 108, 1612, 108, 1613, 1613, 108, 110, 1613, 110, 1614, 1614, 110, 111, 1614, 111, 1615, 1615, 111, 113, 1615, 113, 1616, 1616, 113, 116, 1616, 116, 1617, 1617, 116, 118, 1617, 118, 1618, 1618, 118, 120, 1618, 120, 1619, 1619, 120, 122, 1619, 122, 1620, 1620, 122, 124, 1620, 124, 1621, 1621, 124, 126, 1621, 126, 1622, 1622, 126, 128, 1622, 128, 1623, 1623, 128, 130, 1623, 130, 1624, 1624, 130, 132, 1624, 132, 1625, 1625, 132, 134, 1725, 23, 1683, 1683, 23, 21, 1683, 21, 1682, 1682, 21, 20, 1682, 20, 1684, 1684, 20, 131, 1684, 131, 1685, 1685, 131, 129, 1685, 129, 1686, 1686, 129, 127, 1686, 127, 1687, 1687, 127, 125, 1687, 125, 1688, 1688, 125, 123, 1688, 123, 1689, 1689, 123, 121, 1689, 121, 1690, 1690, 121, 119, 1690, 119, 1691, 1691, 119, 117, 1691, 117, 1692, 1692, 117, 115, 1692, 115, 1693, 1693, 115, 114, 1693, 114, 1694, 1694, 114, 112, 1694, 112, 1695, 1695, 112, 109, 1695, 109, 1696, 1696, 109, 107, 1696, 107, 1697, 1697, 107, 105, 1697, 105, 1698, 1698, 105, 103, 1698, 103, 1699, 1699, 103, 101, 1699, 101, 1700, 1700, 101, 99, 1700, 99, 1701, 1701, 99, 97, 1701, 97, 1702, 1702, 97, 55, 1702, 55, 1703, 1703, 55, 53, 1703, 53, 1704, 1704, 53, 51, 1704, 51, 1705, 1705, 51, 49, 1705, 49, 1706, 1706, 49, 47, 1706, 47, 1707, 1707, 47, 45, 1707, 45, 1708, 1708, 45, 43, 1708, 43, 1709, 1709, 43, 42, 1709, 42, 1710, 1710, 42, 40, 1710, 40, 1711, 1711, 40, 38, 1711, 38, 1712, 1712, 38, 36, 1712, 36, 1713, 1713, 36, 35, 1713, 35, 1714, 1714, 35, 34, 1714, 34, 1715, 1715, 34, 33, 1715, 33, 1716, 1716, 33, 32, 1716, 32, 1717, 1717, 32, 31, 1717, 31, 1718, 1718, 31, 30, 1718, 30, 1719, 1719, 30, 29, 1719, 29, 1720, 1720, 29, 28, 1720, 28, 1721, 1721, 28, 27, 1721, 27, 1722, 1722, 27, 26, 1722, 26, 1723, 1723, 26, 25, 1723, 25, 1724, 1724, 25, 24, 1724, 24, 1725, 1725, 24, 23]
        rel material:binding = </RealWristMount/Looks/MountYellow>
        point3f[] points = [(-0.011500001, 0.02400002, -0.008050102), (-0.015000001, 0.02400002, -0.008050102), (-0.011500001, 0.024015214, -0.008223751), (-0.015000001, 0.024015212, -0.008223751), (-0.011500001, 0.02406033, -0.008392122), (-0.0150000015, 0.02406033, -0.008392122), (-0.011500001, 0.024133997, -0.008550101), (-0.0150000015, 0.024133997, -0.008550101), (-0.011500001, 0.024233978, -0.008692889), (-0.0150000015, 0.024233978, -0.008692889), (-0.011500001, 0.024357235, -0.008816145), (-0.0150000015, 0.024357235, -0.008816145), (-0.011500001, 0.024500024, -0.008916127), (-0.0150000015, 0.024500022, -0.008916127), (-0.011500001, 0.024658004, -0.008989793), (-0.0150000015, 0.024658002, -0.008989793), (-0.011500001, 0.024826376, -0.009034907), (-0.0150000015, 0.024826374, -0.009034907), (-0.011500002, 0.025000025, -0.009050099), (-0.0150000015, 0.025000023, -0.009050099), (-0.004765182, 0.024000064, -0.025033306), (-0.0050000013, 0.024000064, -0.025050102), (-0.011500001, 0.024000067, -0.027050102), (-0.005234821, 0.024000064, -0.025033306), (-0.0054648602, 0.024000064, -0.024983265), (-0.0056854356, 0.024000064, -0.024900993), (-0.0058920584, 0.024000064, -0.02478817), (-0.0060805217, 0.024000062, -0.024647089), (-0.0062469877, 0.024000062, -0.02448062), (-0.006388069, 0.024000062, -0.024292158), (-0.0065008937, 0.024000062, -0.024085537), (-0.0065831644, 0.02400006, -0.02386496), (-0.0066332067, 0.02400006, -0.02363492), (-0.006650001, 0.02400006, -0.023400102), (-0.0066332067, 0.024000058, -0.023165282), (-0.0065831644, 0.024000058, -0.022935243), (-0.0065008937, 0.024000058, -0.022714667), (-0.009600864, 0.024000037, -0.014591782), (-0.006388069, 0.024000058, -0.022508044), (-0.009391453, 0.024000037, -0.014703128), (-0.0062469877, 0.024000056, -0.022319581), (-0.009168585, 0.024000037, -0.014784246), (-0.0060805217, 0.024000056, -0.022153115), (-0.0058920584, 0.024000056, -0.022012033), (-0.008936595, 0.02400004, -0.0148335565), (-0.0056854356, 0.024000056, -0.021899208), (-0.008700001, 0.02400004, -0.0148501005), (-0.0054648602, 0.024000056, -0.021816937), (-0.008463407, 0.02400004, -0.0148335565), (-0.005234821, 0.024000056, -0.021766895), (-0.008231418, 0.02400004, -0.014784246), (-0.0050000013, 0.024000056, -0.021750102), (-0.008008549, 0.02400004, -0.014703128), (-0.004765182, 0.024000056, -0.021766895), (-0.0077991383, 0.024000037, -0.014591782), (-0.0045351423, 0.024000056, -0.021816937), (-0.007607262, 0.024000037, -0.014452376), (0.0026351402, 0.024000058, -0.021816937), (-0.0074366545, 0.024000037, -0.014287624), (0.0028651797, 0.024000058, -0.021766895), (-0.007290637, 0.024000037, -0.01410073), (0.0030999992, 0.024000058, -0.021750102), (-0.0071720514, 0.024000037, -0.013895332), (-0.007083205, 0.024000036, -0.01367543), (0.0033348186, 0.024000058, -0.021766895), (-0.007025828, 0.024000036, -0.013445304), (0.015513043, 0.02400003, -0.008050102), (-0.007001037, 0.024000036, -0.01320943), (-0.007009314, 0.024000036, -0.012972403), (-0.0070504984, 0.024000034, -0.012738833), (-0.0071237884, 0.024000034, -0.012513271), (-0.007227758, 0.024000034, -0.012300101), (-0.007360383, 0.024000032, -0.012103477), (-0.0075190817, 0.024000032, -0.011927225), (-0.0077007664, 0.024000032, -0.011774772), (-0.0079018995, 0.024000032, -0.011649091), (-0.008118567, 0.024000032, -0.011552624), (-0.008346551, 0.02400003, -0.01148725), (-0.008581416, 0.02400003, -0.011454242), (-0.008818587, 0.02400003, -0.011454242), (-0.009053451, 0.02400003, -0.01148725), (-0.009281435, 0.02400003, -0.011552624), (-0.009498103, 0.02400003, -0.011649091), (-0.009699236, 0.024000032, -0.011774772), (-0.009880921, 0.024000032, -0.011927225), (-0.010039619, 0.024000032, -0.012103477), (-0.010172244, 0.024000032, -0.012300101), (-0.010276214, 0.024000032, -0.012513271), (-0.010349504, 0.024000034, -0.012738833), (-0.010390688, 0.024000034, -0.012972403), (-0.010398965, 0.024000034, -0.01320943), (-0.010374174, 0.024000036, -0.013445304), (-0.0103167975, 0.024000036, -0.01367543), (-0.010227951, 0.024000036, -0.013895332), (-0.010109365, 0.024000036, -0.01410073), (-0.009963348, 0.024000037, -0.014287624), (-0.00979274, 0.024000037, -0.014452376), (-0.004314567, 0.024000056, -0.021899208), (0.0024145648, 0.024000058, -0.021899208), (-0.0041079437, 0.024000056, -0.022012033), (0.0022079416, 0.02400006, -0.022012033), (-0.0039194804, 0.024000058, -0.022153115), (0.0020194785, 0.02400006, -0.022153115), (-0.0037530148, 0.024000058, -0.022319581), (0.0018530127, 0.02400006, -0.022319581), (-0.003611933, 0.024000058, -0.022508044), (0.00171193, 0.02400006, -0.022508044), (-0.0034991086, 0.024000058, -0.022714667), (0.0015991065, 0.02400006, -0.022714667), (-0.003416838, 0.02400006, -0.022935243), (0.001516835, 0.024000062, -0.022935243), (0.0014667937, 0.024000062, -0.023165282), (-0.0033667958, 0.02400006, -0.023165282), (0.0014499995, 0.024000062, -0.023400102), (-0.0033500015, 0.02400006, -0.023400102), (-0.0033667958, 0.024000062, -0.02363492), (0.0014667937, 0.024000064, -0.02363492), (-0.003416838, 0.024000062, -0.02386496), (0.001516835, 0.024000064, -0.02386496), (-0.0034991086, 0.024000062, -0.024085537), (0.0015991065, 0.024000064, -0.024085537), (-0.003611933, 0.024000062, -0.024292158), (0.00171193, 0.024000064, -0.024292158), (-0.0037530148, 0.024000064, -0.02448062), (0.0018530127, 0.024000065, -0.02448062), (-0.0039194804, 0.024000064, -0.024647089), (0.0020194785, 0.024000065, -0.024647089), (-0.0041079437, 0.024000064, -0.02478817), (0.0022079416, 0.024000065, -0.02478817), (-0.004314567, 0.024000064, -0.024900993), (0.0024145648, 0.024000065, -0.024900993), (-0.0045351423, 0.024000064, -0.024983265), (0.0026351402, 0.024000065, -0.024983265), (0.00609565, 0.024000073, -0.027050102), (0.0028651797, 0.024000067, -0.025033306), (0.0030999992, 0.024000067, -0.025050102), (0.0033348186, 0.024000067, -0.025033306), (0.003564858, 0.024000067, -0.024983265), (0.0037854335, 0.024000067, -0.024900993), (0.0039920565, 0.024000065, -0.02478817), (0.00418052, 0.024000065, -0.024647089), (0.0043469854, 0.024000065, -0.02448062), (0.0044880663, 0.024000065, -0.024292158), (0.004600892, 0.024000065, -0.024085537), (0.0046831616, 0.024000064, -0.02386496), (0.0047332044, 0.024000064, -0.02363492), (0.004749999, 0.024000064, -0.023400102), (0.0047332044, 0.024000062, -0.023165282), (0.0046831616, 0.024000062, -0.022935243), (0.004600892, 0.024000062, -0.022714667), (0.0044880663, 0.024000062, -0.022508044), (0.0043469854, 0.02400006, -0.022319581), (0.00418052, 0.02400006, -0.022153115), (0.0039920565, 0.02400006, -0.022012033), (0.0037854335, 0.02400006, -0.021899208), (0.003564858, 0.02400006, -0.021816937), (-0.015000001, 0.024000015, -0.0060501015), (0.019999998, 0.024000028, -0.0060501015), (0.019999998, 0.024000032, -0.008050102), (0.019999998, 0.024826387, -0.009034907), (0.017508695, 0.024826385, -0.009034907), (0.019999998, 0.025000034, -0.009050099), (0.015019775, 0.024902016, -0.009045283), (0.015017389, 0.025000032, -0.009050099), (0.017508697, 0.024658013, -0.008989793), (0.019999998, 0.024658015, -0.008989793), (0.017508697, 0.024500033, -0.008916127), (0.019999998, 0.024500035, -0.008916127), (0.017508697, 0.024357246, -0.008816145), (0.019999998, 0.024357246, -0.008816145), (0.017508697, 0.024233988, -0.008692889), (0.019999998, 0.02423399, -0.008692889), (0.017508697, 0.024134006, -0.008550101), (0.019999998, 0.024134008, -0.008550101), (0.017508697, 0.024060339, -0.008392122), (0.019999998, 0.02406034, -0.008392122), (0.017508697, 0.024015224, -0.008223751), (0.019999998, 0.024015225, -0.008223751), (0.015464459, 0.024004847, -0.008148118), (0.015416345, 0.024019245, -0.0082451925), (0.015369162, 0.02404309, -0.008340387), (0.015323365, 0.024076153, -0.008432784), (0.015279393, 0.02411811, -0.008521498), (0.015237673, 0.024168562, -0.008605672), (0.015198603, 0.024227021, -0.0086844945), (0.015162564, 0.024292925, -0.0087572085), (0.015129899, 0.02436564, -0.008823111), (0.015100922, 0.024444463, -0.008881571), (0.015075916, 0.024528636, -0.008932022), (0.015055119, 0.02461735, -0.008973979), (0.015038732, 0.024709748, -0.0090070395), (0.015026913, 0.024804942, -0.009030885), (0.019999994, 0.03580112, -0.009050074), (0.019999994, 0.035585813, -0.0050500743), (0.019999994, 0.036183804, -0.008973952), (0.019999994, 0.038644686, -0.007954613), (0.019999994, 0.035931647, -0.009041519), (0.019999994, 0.036059942, -0.009015998), (0.019999994, 0.038762003, -0.00789676), (0.019999994, 0.038870767, -0.0078240875), (0.019999994, 0.03896911, -0.007737841), (0.019999994, 0.035742246, -0.0050377618), (0.019999994, 0.035894826, -0.005001131), (0.019999994, 0.036039803, -0.0049410798), (0.019999994, 0.036173597, -0.00485909), (0.019999994, 0.036292918, -0.00475718), (0.019999988, 0.0560013, 0.0092944335), (0.019999988, 0.05530385, 0.01425384), (0.019999988, 0.05613483, 0.009406479), (0.019999988, 0.05628579, 0.009493633), (0.019999988, 0.056449592, 0.00955325), (0.019999988, 0.056621253, 0.00958352), (0.019999988, 0.056795564, 0.009583521), (0.019999988, 0.056433573, 0.014453045), (0.019999988, 0.05696723, 0.009553252), (0.019999988, 0.05713103, 0.009493636), (0.019999977, 0.08751978, -0.000042600983), (0.019999977, 0.08574479, -0.003849099), (0.019999977, 0.088003464, -0.0013715259), (0.019999977, 0.08707371, -0.0033654056), (0.019999977, 0.08698656, -0.0035163646), (0.019999977, 0.086874515, -0.0036498946), (0.019999977, 0.08674098, -0.0037619402), (0.019999977, 0.08659002, -0.0038490968), (0.019999977, 0.08642623, -0.003908715), (0.019999977, 0.085908584, -0.0039087166), (0.019999977, 0.08625456, -0.003938983), (0.019999977, 0.086080246, -0.0039389837), (0.019999977, 0.08806309, -0.0012077265), (0.019999977, 0.088093355, -0.0010360632), (0.019999977, 0.088093355, -0.0008617524), (0.019999977, 0.08806308, -0.00069008925), (0.019999977, 0.088003464, -0.0005262901), (0.019999977, 0.087916315, -0.0003753313), (0.019999977, 0.087804265, -0.0002418019), (0.019999977, 0.08767073, -0.00012975693), (0.019999988, 0.056269772, 0.014512661), (0.019999988, 0.055588335, 0.014453043), (0.019999988, 0.05543738, 0.014365885), (0.019999988, 0.055752132, 0.01451266), (0.019999988, 0.056098107, 0.014542931), (0.019999988, 0.055923797, 0.01454293), (0.019999998, 0.025000025, -0.005050099), (0.019999998, 0.02401522, -0.0058764527), (0.019999998, 0.024060333, -0.005708081), (0.019999998, 0.024134, -0.005550101), (0.019999998, 0.024233982, -0.005407313), (0.019999998, 0.024357239, -0.005284056), (0.019999998, 0.024500025, -0.0051840744), (0.019999998, 0.024658006, -0.0051104063), (0.019999998, 0.024826378, -0.0050652917), (-0.011500003, 0.029000023, -0.00905009), (-0.015000005, 0.03580111, -0.009050074), (0.015017388, 0.029000033, -0.00905009), (-0.011500003, 0.028015219, -0.009876443), (-0.0077118035, 0.028015219, -0.009876443), (-0.011500003, 0.028000027, -0.010050092), (-0.0039236047, 0.02801522, -0.009876443), (-0.00013540618, 0.028015222, -0.009876443), (-0.0001354062, 0.028060338, -0.009708072), (0.0036527931, 0.028060338, -0.009708072), (0.0036527931, 0.028134005, -0.009550092), (0.0074409917, 0.028134005, -0.009550092), (0.0074409917, 0.028233986, -0.009407303), (0.01122919, 0.028233988, -0.009407303), (0.01122919, 0.028357245, -0.0092840465), (0.014872217, 0.028292926, -0.009342983), (0.014904882, 0.02836564, -0.009277081), (0.014933856, 0.028444463, -0.00921862), (0.01122919, 0.028500032, -0.009184065), (0.014958863, 0.028528636, -0.0091681685), (0.014979659, 0.02861735, -0.009126211), (0.01122919, 0.028658012, -0.009110397), (0.014996045, 0.028709749, -0.0090931505), (0.01122919, 0.028826384, -0.0090652825), (0.015007865, 0.028804943, -0.009069305), (0.015015002, 0.028902015, -0.009054906), (0.0074409912, 0.028826382, -0.0090652825), (0.003652793, 0.02882638, -0.0090652825), (0.003652793, 0.028658008, -0.009110397), (-0.00013540639, 0.028658008, -0.009110397), (-0.00013540634, 0.028500028, -0.009184065), (-0.0039236047, 0.028500026, -0.009184065), (-0.0039236047, 0.02835724, -0.0092840465), (-0.0077118035, 0.028357238, -0.0092840465), (-0.0077118035, 0.02823398, -0.009407303), (-0.011500003, 0.02823398, -0.009407303), (-0.011500003, 0.028134, -0.009550092), (-0.0077118035, 0.028134001, -0.009550092), (-0.011500003, 0.028060334, -0.009708072), (-0.0077118035, 0.028060334, -0.009708072), (-0.011500003, 0.028357238, -0.0092840465), (-0.0077118035, 0.028500026, -0.009184065), (-0.0039236047, 0.028658006, -0.009110397), (-0.00013540644, 0.02882638, -0.0090652825), (-0.011500003, 0.028500024, -0.009184065), (-0.0077118035, 0.028658004, -0.009110397), (-0.0039236047, 0.028826378, -0.0090652825), (-0.011500003, 0.028658004, -0.009110397), (-0.007711804, 0.028826376, -0.0090652825), (-0.011500003, 0.028826376, -0.0090652825), (0.014836175, 0.028227024, -0.009415697), (0.014797106, 0.028168565, -0.009494521), (0.01122919, 0.028134007, -0.009550092), (0.014755386, 0.028118113, -0.009578695), (0.0147114135, 0.028076155, -0.009667409), (0.01122919, 0.028060341, -0.009708072), (0.014665616, 0.028043093, -0.009759807), (0.01122919, 0.028015226, -0.009876443), (0.014618434, 0.02801925, -0.009855), (0.014570319, 0.02800485, -0.009952075), (0.014521738, 0.028000034, -0.010050092), (0.0036527931, 0.028015222, -0.009876443), (0.0074409917, 0.028015224, -0.009876443), (0.0074409917, 0.02806034, -0.009708072), (-0.0039236047, 0.028060336, -0.009708072), (-0.0039236047, 0.028134001, -0.009550092), (-0.0039236047, 0.028233983, -0.009407303), (-0.00013540623, 0.028134003, -0.009550092), (0.0036527931, 0.028233984, -0.009407303), (0.0074409917, 0.028357243, -0.0092840465), (-0.00013540626, 0.028233984, -0.009407303), (-0.0001354063, 0.028357241, -0.0092840465), (0.0036527931, 0.028357241, -0.0092840465), (0.0074409917, 0.02850003, -0.009184065), (0.0036527931, 0.02850003, -0.009184065), (0.0074409912, 0.02865801, -0.009110397), (0.017307688, 0.036059942, -0.009015998), (0.014615379, 0.03605994, -0.009015998), (0.011923071, 0.03605994, -0.009015998), (0.011923071, 0.035931647, -0.009041519), (0.009230765, 0.035931643, -0.009041519), (0.0065384563, 0.035931643, -0.009041519), (0.003846148, 0.035931643, -0.009041519), (0.0065384563, 0.03605994, -0.009015998), (0.003846148, 0.036059935, -0.009015998), (0.0011538415, 0.036059935, -0.009015998), (-0.015000005, 0.036183793, -0.008973952), (-0.0015384669, 0.036059935, -0.009015998), (-0.0042307745, 0.036059935, -0.009015998), (-0.0042307745, 0.03593164, -0.009041519), (-0.006923082, 0.03593164, -0.009041519), (-0.00961539, 0.03593164, -0.009041519), (-0.012307697, 0.035931636, -0.009041519), (-0.00961539, 0.03605993, -0.009015998), (-0.012307697, 0.03605993, -0.009015998), (-0.015000005, 0.03605993, -0.009015998), (-0.015000005, 0.035931636, -0.009041519), (0.017307688, 0.035931647, -0.009041519), (0.0011538415, 0.035931643, -0.009041519), (0.014615379, 0.035931647, -0.009041519), (0.009230765, 0.03605994, -0.009015998), (-0.0015384669, 0.03593164, -0.009041519), (-0.006923082, 0.03605993, -0.009015998), (0.017307688, 0.038870763, -0.0078240875), (0.014615378, 0.038870763, -0.0078240875), (0.01192307, 0.038870763, -0.0078240875), (0.01192307, 0.038762, -0.00789676), (0.009230764, 0.038762, -0.00789676), (0.0065384554, 0.038762, -0.00789676), (0.003846147, 0.038762, -0.00789676), (0.0065384554, 0.03887076, -0.0078240875), (0.003846147, 0.03887076, -0.0078240875), (0.0011538406, 0.03887076, -0.0078240875), (-0.015000006, 0.0389691, -0.007737841), (-0.0015384678, 0.03887076, -0.0078240875), (-0.0042307754, 0.03887076, -0.0078240875), (-0.0042307754, 0.038761996, -0.00789676), (-0.0069230828, 0.038761996, -0.00789676), (-0.015000006, 0.038644675, -0.007954613), (-0.009615391, 0.038761996, -0.00789676), (-0.012307698, 0.038761992, -0.00789676), (-0.009615391, 0.038870756, -0.0078240875), (-0.012307698, 0.038870756, -0.0078240875), (-0.015000006, 0.038870756, -0.0078240875), (-0.015000006, 0.038761992, -0.00789676), (0.017307688, 0.038762003, -0.00789676), (0.0011538406, 0.038762, -0.00789676), (0.014615378, 0.038762003, -0.00789676), (0.009230764, 0.038870763, -0.0078240875), (-0.0015384678, 0.038761996, -0.00789676), (-0.0069230828, 0.038870756, -0.0078240875), (-0.015000012, 0.05600129, 0.0092944335), (-0.015000005, 0.0355858, -0.0050500743), (-0.0150000015, 0.025000013, -0.005050099), (-0.015000001, 0.024015207, -0.0058764527), (-0.0150000015, 0.024060322, -0.005708081), (-0.0150000015, 0.02413399, -0.005550101), (-0.0150000015, 0.024233969, -0.005407313), (-0.0150000015, 0.024357226, -0.005284056), (-0.0150000015, 0.024500014, -0.0051840744), (-0.0150000015, 0.024657993, -0.0051104063), (-0.0150000015, 0.024826365, -0.0050652917), (-0.015000005, 0.035742234, -0.0050377618), (-0.015000005, 0.035894815, -0.005001131), (-0.015000005, 0.03603979, -0.0049410798), (-0.015000005, 0.036173586, -0.00485909), (-0.015000005, 0.036292907, -0.00475718), (-0.015000012, 0.055303838, 0.01425384), (-0.015000012, 0.05613482, 0.009406479), (-0.015000012, 0.05628578, 0.009493633), (-0.015000012, 0.056449577, 0.00955325), (-0.015000012, 0.05662124, 0.00958352), (-0.015000012, 0.056795552, 0.009583521), (-0.015000012, 0.056433562, 0.014453045), (-0.015000012, 0.056967217, 0.009553252), (-0.015000012, 0.05713102, 0.009493636), (-0.015000022, 0.087519765, -0.000042600983), (-0.015000021, 0.085744776, -0.003849099), (-0.015000022, 0.08800345, -0.0013715259), (-0.015000022, 0.0870737, -0.0033654056), (-0.015000012, 0.055437367, 0.014365885), (-0.015000012, 0.055588324, 0.014453043), (-0.015000012, 0.05626976, 0.014512661), (-0.015000012, 0.05575212, 0.01451266), (-0.015000012, 0.056098096, 0.014542931), (-0.015000012, 0.055923786, 0.01454293), (-0.015000022, 0.08767072, -0.00012975693), (-0.015000022, 0.08780425, -0.0002418019), (-0.015000022, 0.0879163, -0.0003753313), (-0.015000022, 0.08800345, -0.0005262901), (-0.015000022, 0.088063076, -0.00069008925), (-0.015000022, 0.08809334, -0.0008617524), (-0.015000022, 0.08809334, -0.0010360632), (-0.015000022, 0.088063076, -0.0012077265), (-0.015000022, 0.08698655, -0.0035163646), (-0.015000022, 0.0868745, -0.0036498946), (-0.015000022, 0.08674097, -0.0037619402), (-0.015000022, 0.086590014, -0.0038490968), (-0.015000022, 0.08642621, -0.003908715), (-0.015000022, 0.08590858, -0.0039087166), (-0.015000022, 0.08625455, -0.003938983), (-0.015000022, 0.08608024, -0.0039389837), (-0.011500012, 0.056134824, 0.009406479), (-0.008000012, 0.056134824, 0.009406479), (-0.004500012, 0.056134824, 0.009406479), (-0.004500012, 0.056285784, 0.009493633), (-0.0010000119, 0.056285784, 0.009493633), (-0.0010000119, 0.056449585, 0.00955325), (0.002499988, 0.056449585, 0.00955325), (0.0024999878, 0.056621246, 0.00958352), (0.005999988, 0.056621246, 0.00958352), (0.005999988, 0.05679556, 0.009583521), (0.009499988, 0.05679556, 0.009583521), (0.009499988, 0.056967225, 0.009553252), (0.012999988, 0.05696723, 0.009553252), (0.016499987, 0.05696723, 0.009553252), (0.016499987, 0.056795564, 0.009583521), (0.016499987, 0.05662125, 0.00958352), (0.016499989, 0.05644959, 0.00955325), (0.016499989, 0.05628579, 0.009493633), (0.016499989, 0.05613483, 0.009406479), (-0.011500012, 0.05628578, 0.009493633), (-0.011500012, 0.05644958, 0.00955325), (-0.011500012, 0.056621242, 0.00958352), (-0.011500012, 0.056795552, 0.009583521), (-0.011500012, 0.056967217, 0.009553252), (0.0024999878, 0.056967225, 0.009553252), (-0.0010000122, 0.05696722, 0.009553252), (-0.004500012, 0.05696722, 0.009553252), (-0.004500012, 0.056795556, 0.009583521), (-0.008000012, 0.056795556, 0.009583521), (-0.008000012, 0.056621242, 0.00958352), (0.002499988, 0.056134827, 0.009406479), (0.005999988, 0.056134827, 0.009406479), (0.009499988, 0.056134827, 0.009406479), (0.009499988, 0.056285787, 0.009493633), (0.012999988, 0.056285787, 0.009493633), (0.012999988, 0.05644959, 0.00955325), (-0.008000012, 0.056285784, 0.009493633), (-0.008000012, 0.05644958, 0.00955325), (-0.0010000118, 0.056134824, 0.009406479), (0.002499988, 0.056285784, 0.009493633), (0.005999988, 0.056285787, 0.009493633), (0.005999988, 0.056449585, 0.00955325), (0.012999988, 0.05613483, 0.009406479), (-0.004500012, 0.05644958, 0.00955325), (-0.001000012, 0.056621246, 0.00958352), (0.0024999878, 0.05679556, 0.009583521), (0.005999988, 0.056967225, 0.009553252), (0.009499988, 0.05644959, 0.00955325), (0.012999988, 0.05662125, 0.00958352), (-0.004500012, 0.056621242, 0.00958352), (0.009499988, 0.05662125, 0.00958352), (-0.001000012, 0.056795556, 0.009583521), (0.012999988, 0.056795564, 0.009583521), (-0.0080000125, 0.05696722, 0.009553252), (-0.0055000177, 0.074292675, 0.0014910707), (-0.0100000175, 0.074292675, 0.0014910707), (-0.0055000195, 0.07882422, -0.0006220091), (-0.01100002, 0.08290261, -0.0025237806), (-0.010826373, 0.08291638, -0.0025302025), (-0.010000016, 0.06885482, 0.0040267673), (-0.011766065, 0.08322635, -0.0026747445), (-0.011642808, 0.08311465, -0.0026226551), (-0.005500016, 0.06885482, 0.0040267673), (-0.0055000144, 0.064323284, 0.0061398507), (-0.011000013, 0.06024489, 0.00804162), (-0.011173661, 0.06023112, 0.008048041), (0.010499985, 0.064323284, 0.0061398507), (-0.010060321, 0.059028603, 0.008608779), (-0.010015205, 0.059181202, 0.008537624), (-0.010000013, 0.059338585, 0.008464237), (0.010499984, 0.06885483, 0.0040267673), (0.014999984, 0.06885483, 0.0040267673), (0.015999986, 0.0602449, 0.00804162), (0.015826337, 0.060231127, 0.008048041), (0.014999982, 0.07429268, 0.0014910707), (0.016766032, 0.059921153, 0.008192587), (0.016866013, 0.059791744, 0.008252931), (0.016939681, 0.059648566, 0.0083196955), (0.016984794, 0.059495967, 0.00839085), (0.016999986, 0.059338592, 0.008464237), (0.016984794, 0.059181213, 0.008537624), (0.016939681, 0.059028614, 0.008608779), (0.016866013, 0.058885437, 0.008675547), (0.016766032, 0.058756027, 0.008735891), (0.016642775, 0.058644317, 0.008787981), (0.016499987, 0.058553703, 0.008830233), (0.016342007, 0.05848694, 0.008861368), (0.016173637, 0.05844605, 0.008880434), (0.015999988, 0.05843228, 0.008886854), (0.015826339, 0.05844605, 0.008880434), (0.015657967, 0.058486935, 0.008861368), (-0.010657992, 0.058486927, 0.008861368), (-0.010826364, 0.058446042, 0.008880434), (-0.011000012, 0.05843227, 0.008886854), (-0.011173661, 0.058446042, 0.008880434), (-0.011342033, 0.058486927, 0.008861368), (-0.011500012, 0.058553692, 0.008830233), (-0.011642801, 0.058644306, 0.008787981), (-0.0117660565, 0.058756016, 0.008735891), (-0.011866038, 0.058885425, 0.008675547), (-0.011939705, 0.059028603, 0.008608779), (-0.0119848205, 0.059181202, 0.008537624), (-0.012000013, 0.05933858, 0.008464237), (-0.0119848205, 0.05949596, 0.00839085), (-0.011939705, 0.05964856, 0.0083196955), (-0.011866039, 0.059791736, 0.008252931), (-0.011766057, 0.059921145, 0.008192587), (-0.011642801, 0.060032856, 0.008140493), (-0.011500013, 0.06012347, 0.008098242), (-0.011342033, 0.060190234, 0.008067111), (0.010499982, 0.07429268, 0.0014910707), (0.01049998, 0.07882422, -0.0006220091), (0.015999978, 0.08290262, -0.0025237806), (0.016173627, 0.08291639, -0.0025302025), (-0.010060329, 0.084118895, -0.003090941), (0.015060285, 0.0841189, -0.003090941), (0.015015171, 0.0839663, -0.003019784), (0.016642775, 0.060032863, 0.008140493), (0.016499987, 0.060123477, 0.008098242), (0.016342007, 0.06019024, 0.008067111), (0.016173635, 0.06023113, 0.008048041), (0.015657967, 0.06019024, 0.008067111), (0.015499987, 0.060123477, 0.008098242), (0.015357199, 0.060032863, 0.008140493), (0.015233942, 0.059921153, 0.008192587), (0.015133961, 0.059791744, 0.008252931), (0.0150602935, 0.059648566, 0.0083196955), (0.015015179, 0.059495967, 0.00839085), (0.014999987, 0.059338592, 0.008464237), (0.015015179, 0.059181213, 0.008537624), (0.0150602935, 0.059028614, 0.008608779), (-0.010133987, 0.058885425, 0.008675547), (0.015133961, 0.058885437, 0.008675547), (-0.010233968, 0.058756016, 0.008735891), (0.015233942, 0.058756024, 0.008735891), (-0.010357225, 0.058644306, 0.008787981), (0.015357199, 0.058644317, 0.008787981), (-0.010500013, 0.058553692, 0.008830233), (0.015499987, 0.058553703, 0.008830233), (-0.010658001, 0.08295727, -0.0025492683), (-0.01050002, 0.08302403, -0.002580402), (-0.010357234, 0.08311465, -0.0026226551), (-0.010233976, 0.08322635, -0.0026747445), (-0.010133996, 0.08335576, -0.002735089), (-0.010060328, 0.08349894, -0.0028018553), (-0.010015213, 0.08365154, -0.0028730105), (-0.010000021, 0.08380892, -0.0029463973), (-0.010015213, 0.08396629, -0.003019784), (-0.010133996, 0.08426207, -0.0031577058), (0.015133953, 0.08426208, -0.0031577058), (-0.010233977, 0.08439148, -0.00321805), (0.015233934, 0.08439149, -0.00321805), (-0.010357234, 0.08450319, -0.0032701395), (0.015357191, 0.0845032, -0.0032701395), (-0.010500021, 0.0845938, -0.0033123947), (0.015499978, 0.08459382, -0.0033123947), (-0.0106580015, 0.08466057, -0.0033435263), (0.015657958, 0.08466058, -0.0033435263), (0.01582633, 0.08470146, -0.003362594), (-0.010826373, 0.084701456, -0.003362594), (-0.011000021, 0.084715225, -0.003369014), (-0.011173669, 0.084701456, -0.003362594), (-0.011342041, 0.08466057, -0.0033435263), (-0.011500021, 0.0845938, -0.0033123947), (-0.011642809, 0.08450319, -0.0032701395), (-0.011766066, 0.08439148, -0.00321805), (-0.011866046, 0.08426207, -0.0031577058), (-0.011939714, 0.084118895, -0.003090941), (-0.011984829, 0.08396629, -0.003019784), (-0.012000021, 0.08380892, -0.0029463973), (-0.011984829, 0.08365154, -0.0028730105), (-0.011939714, 0.08349894, -0.0028018553), (-0.011866046, 0.08335576, -0.002735089), (-0.0115000205, 0.08302403, -0.002580402), (-0.01134204, 0.08295727, -0.0025492683), (-0.011173668, 0.08291638, -0.0025302025), (0.016342, 0.082957275, -0.0025492683), (0.01649998, 0.08302404, -0.002580402), (0.016642766, 0.083114654, -0.0026226551), (0.016766023, 0.08322636, -0.0026747445), (0.016866004, 0.08335577, -0.002735089), (0.016939672, 0.08349895, -0.0028018553), (0.016984787, 0.08365155, -0.0028730105), (0.016999979, 0.08380893, -0.0029463973), (0.016984787, 0.08396631, -0.003019784), (0.016939672, 0.0841189, -0.003090941), (0.016866004, 0.08426208, -0.0031577058), (0.016766023, 0.08439149, -0.00321805), (0.016642766, 0.0845032, -0.0032701395), (0.01649998, 0.08459382, -0.0033123947), (0.016342, 0.08466058, -0.0033435263), (0.016173627, 0.08470146, -0.003362594), (0.015999978, 0.08471524, -0.003369014), (0.014999979, 0.08380893, -0.0029463973), (0.015015171, 0.08365155, -0.0028730105), (0.015060285, 0.08349895, -0.0028018553), (0.015133953, 0.08335577, -0.002735089), (0.015233934, 0.08322636, -0.0026747445), (0.015357191, 0.083114654, -0.0026226551), (0.015499979, 0.08302404, -0.002580402), (0.01565796, 0.082957275, -0.0025492683), (0.01582633, 0.08291639, -0.0025302025), (-0.010015205, 0.05949596, 0.00839085), (-0.010060321, 0.05964856, 0.0083196955), (-0.010133987, 0.059791736, 0.008252931), (-0.0102339685, 0.059921145, 0.008192587), (-0.010357225, 0.060032856, 0.008140493), (-0.010500013, 0.06012347, 0.008098242), (-0.010657993, 0.060190234, 0.008067111), (-0.010826365, 0.06023112, 0.008048041), (0.016499978, 0.08698656, -0.0035163646), (0.012999978, 0.08698656, -0.0035163646), (0.009499977, 0.08698656, -0.0035163646), (0.009499978, 0.08687451, -0.0036498946), (0.0059999777, 0.08687451, -0.0036498946), (0.0059999777, 0.08674098, -0.0037619402), (0.002499978, 0.08674098, -0.0037619402), (0.002499978, 0.08659002, -0.0038490968), (-0.0010000219, 0.08659002, -0.0038490968), (-0.0010000219, 0.08642622, -0.003908715), (-0.0045000217, 0.08642622, -0.003908715), (-0.0045000217, 0.08625455, -0.003938983), (-0.008000022, 0.08625455, -0.003938983), (-0.008000022, 0.08608024, -0.0039389837), (-0.011500021, 0.08608024, -0.0039389837), (-0.011500021, 0.08590858, -0.0039087166), (-0.008000022, 0.08590858, -0.0039087166), (-0.0045000217, 0.08590858, -0.0039087166), (-0.0045000217, 0.08608024, -0.0039389837), (-0.0010000218, 0.08608024, -0.0039389837), (-0.0010000218, 0.08625455, -0.003938983), (0.002499978, 0.08625455, -0.003938983), (0.002499978, 0.08642622, -0.003908715), (0.005999978, 0.08642622, -0.003908715), (0.005999978, 0.08659002, -0.0038490968), (0.009499978, 0.08659002, -0.0038490968), (0.009499978, 0.08674098, -0.0037619402), (0.012999978, 0.08674098, -0.0037619402), (0.012999978, 0.086874515, -0.0036498946), (0.016499978, 0.086874515, -0.0036498946), (0.016499978, 0.08674098, -0.0037619402), (0.012999978, 0.08659002, -0.0038490968), (0.009499978, 0.08642622, -0.003908715), (0.005999978, 0.08625456, -0.003938983), (0.0024999783, 0.086080246, -0.0039389837), (-0.0010000217, 0.08590858, -0.0039087166), (0.016499978, 0.08659002, -0.0038490968), (0.012999978, 0.08642622, -0.003908715), (0.009499978, 0.08625456, -0.003938983), (0.005999978, 0.086080246, -0.0039389837), (0.0024999783, 0.085908584, -0.0039087166), (0.016499978, 0.08642623, -0.003908715), (0.012999978, 0.08625456, -0.003938983), (0.009499978, 0.086080246, -0.0039389837), (0.005999978, 0.085908584, -0.0039087166), (0.016499978, 0.08625456, -0.003938983), (0.012999978, 0.086080246, -0.0039389837), (0.009499978, 0.085908584, -0.0039087166), (0.016499978, 0.086080246, -0.0039389837), (0.012999978, 0.085908584, -0.0039087166), (0.016499978, 0.085908584, -0.0039087166), (-0.011500021, 0.08625455, -0.003938983), (-0.008000022, 0.08642621, -0.003908715), (-0.0045000217, 0.086590014, -0.0038490968), (-0.001000022, 0.08674097, -0.0037619402), (0.0024999778, 0.08687451, -0.0036498946), (0.0059999777, 0.08698656, -0.0035163646), (-0.011500021, 0.08642621, -0.003908715), (-0.008000022, 0.086590014, -0.0038490968), (-0.004500022, 0.08674097, -0.0037619402), (-0.001000022, 0.08687451, -0.0036498946), (0.0024999778, 0.08698655, -0.0035163646), (-0.011500021, 0.086590014, -0.0038490968), (-0.008000022, 0.08674097, -0.0037619402), (-0.004500022, 0.08687451, -0.0036498946), (-0.001000022, 0.08698655, -0.0035163646), (-0.011500021, 0.08674097, -0.0037619402), (-0.008000022, 0.08687451, -0.0036498946), (-0.004500022, 0.08698655, -0.0035163646), (-0.011500022, 0.0868745, -0.0036498946), (-0.008000022, 0.08698655, -0.0035163646), (-0.011500022, 0.08698655, -0.0035163646), (0.016499978, 0.08767073, -0.00012975693), (0.012999978, 0.08767073, -0.00012975693), (0.009499977, 0.08767073, -0.00012975693), (0.009499977, 0.087804265, -0.0002418019), (0.0059999777, 0.08780426, -0.0002418019), (0.0059999777, 0.08791631, -0.0003753313), (0.0024999776, 0.08791631, -0.0003753313), (0.0024999776, 0.08800346, -0.0005262901), (-0.0010000224, 0.08800346, -0.0005262901), (-0.0010000224, 0.088063076, -0.00069008925), (-0.0045000226, 0.088063076, -0.00069008925), (-0.0045000226, 0.08809335, -0.0008617524), (-0.008000023, 0.08809334, -0.0008617524), (-0.008000023, 0.08809334, -0.0010360632), (-0.011500022, 0.08809334, -0.0010360632), (-0.011500022, 0.088063076, -0.0012077265), (-0.008000023, 0.088063076, -0.0012077265), (-0.0045000226, 0.088063076, -0.0012077265), (-0.0045000226, 0.08809335, -0.0010360632), (-0.0010000224, 0.08809335, -0.0010360632), (-0.0010000224, 0.08809335, -0.0008617524), (0.0024999776, 0.08809335, -0.0008617524), (0.0024999776, 0.08806308, -0.00069008925), (0.0059999777, 0.08806308, -0.00069008925), (0.0059999777, 0.08800346, -0.0005262901), (0.009499977, 0.08800346, -0.0005262901), (0.009499977, 0.08791631, -0.0003753313), (0.012999978, 0.08791631, -0.0003753313), (0.012999978, 0.087804265, -0.0002418019), (0.016499978, 0.087804265, -0.0002418019), (0.016499978, 0.08791631, -0.0003753313), (0.012999977, 0.08800346, -0.0005262901), (0.009499977, 0.08806308, -0.00069008925), (0.0059999777, 0.08809335, -0.0008617524), (0.0024999776, 0.08809335, -0.0010360632), (-0.0010000224, 0.08806308, -0.0012077265), (0.016499978, 0.088003464, -0.0005262901), (0.012999977, 0.08806308, -0.00069008925), (0.009499977, 0.08809335, -0.0008617524), (0.0059999777, 0.08809335, -0.0010360632), (0.0024999776, 0.08806308, -0.0012077265), (0.016499978, 0.08806308, -0.00069008925), (0.012999977, 0.08809335, -0.0008617524), (0.009499977, 0.08809335, -0.0010360632), (0.0059999777, 0.08806308, -0.0012077265), (0.016499978, 0.08809335, -0.0008617524), (0.012999977, 0.08809335, -0.0010360632), (0.009499977, 0.08806308, -0.0012077265), (0.016499978, 0.088093355, -0.0010360632), (0.012999977, 0.08806308, -0.0012077265), (0.016499978, 0.08806308, -0.0012077265), (-0.011500022, 0.08809334, -0.0008617524), (-0.008000023, 0.088063076, -0.00069008925), (-0.004500022, 0.08800346, -0.0005262901), (-0.0010000224, 0.08791631, -0.0003753313), (0.0024999776, 0.08780426, -0.0002418019), (0.0059999777, 0.08767073, -0.00012975693), (-0.011500022, 0.088063076, -0.00069008925), (-0.008000023, 0.08800345, -0.0005262901), (-0.004500022, 0.0879163, -0.0003753313), (-0.0010000224, 0.08780426, -0.0002418019), (0.0024999776, 0.08767073, -0.00012975693), (-0.011500022, 0.08800345, -0.0005262901), (-0.008000023, 0.0879163, -0.0003753313), (-0.004500022, 0.08780426, -0.0002418019), (-0.0010000223, 0.08767073, -0.00012975693), (-0.011500022, 0.0879163, -0.0003753313), (-0.008000023, 0.08780426, -0.0002418019), (-0.004500022, 0.08767072, -0.00012975693), (-0.011500022, 0.08780426, -0.0002418019), (-0.008000022, 0.08767072, -0.00012975693), (-0.011500022, 0.08767072, -0.00012975693), (0.016499989, 0.055437375, 0.014365885), (0.012999988, 0.055437375, 0.014365885), (0.0094999885, 0.055437375, 0.014365885), (0.0094999885, 0.05558833, 0.014453043), (0.0059999884, 0.05558833, 0.014453043), (0.0059999884, 0.05575213, 0.01451266), (0.0024999883, 0.05575213, 0.01451266), (0.002499988, 0.05592379, 0.01454293), (-0.0010000118, 0.05592379, 0.01454293), (-0.0010000118, 0.0560981, 0.014542931), (-0.004500012, 0.0560981, 0.014542931), (-0.004500012, 0.056269765, 0.014512661), (-0.008000012, 0.056269765, 0.014512661), (-0.011500012, 0.05626976, 0.014512661), (-0.011500012, 0.056098096, 0.014542931), (-0.011500012, 0.055923786, 0.01454293), (-0.011500011, 0.055752125, 0.01451266), (-0.011500011, 0.055588324, 0.014453043), (-0.011500011, 0.055437367, 0.014365885), (0.016499989, 0.055588335, 0.014453043), (0.016499989, 0.055752132, 0.01451266), (0.016499989, 0.055923797, 0.01454293), (0.016499989, 0.056098107, 0.014542931), (0.016499989, 0.056269772, 0.014512661), (0.002499988, 0.05626977, 0.014512661), (0.005999988, 0.05626977, 0.014512661), (0.009499988, 0.05626977, 0.014512661), (0.009499988, 0.056098104, 0.014542931), (0.012999988, 0.056098107, 0.014542931), (0.012999988, 0.055923793, 0.01454293), (0.0024999883, 0.05543737, 0.014365885), (-0.0010000116, 0.05543737, 0.014365885), (-0.0045000114, 0.05543737, 0.014365885), (-0.0045000114, 0.055588327, 0.014453043), (-0.008000012, 0.055588324, 0.014453043), (-0.008000012, 0.055752125, 0.01451266), (0.012999988, 0.05558833, 0.014453043), (0.012999988, 0.055752132, 0.01451266), (0.0059999884, 0.055437375, 0.014365885), (0.0024999883, 0.055588327, 0.014453043), (-0.0010000117, 0.055588327, 0.014453043), (-0.0010000117, 0.05575213, 0.01451266), (-0.008000012, 0.055437367, 0.014365885), (0.0094999885, 0.055752132, 0.01451266), (0.005999988, 0.055923793, 0.01454293), (0.002499988, 0.056098104, 0.014542931), (-0.0010000119, 0.056269765, 0.014512661), (-0.004500012, 0.055752125, 0.01451266), (-0.008000012, 0.055923786, 0.01454293), (0.0094999885, 0.055923793, 0.01454293), (-0.004500012, 0.05592379, 0.01454293), (0.005999988, 0.056098104, 0.014542931), (-0.008000012, 0.0560981, 0.014542931), (0.012999988, 0.056269772, 0.014512661), (-0.011818187, 0.036173586, -0.00485909), (-0.008636368, 0.036173586, -0.00485909), (-0.00545455, 0.036173586, -0.00485909), (-0.00545455, 0.036039792, -0.0049410798), (-0.002272732, 0.036039796, -0.0049410798), (-0.002272732, 0.03589482, -0.005001131), (0.00090908585, 0.035894822, -0.005001131), (0.00090908585, 0.03574224, -0.0050377618), (0.0040909047, 0.035742242, -0.0050377618), (0.0072727227, 0.035742242, -0.0050377618), (0.010454541, 0.035742242, -0.0050377618), (0.0072727227, 0.035894822, -0.005001131), (0.010454541, 0.035894826, -0.005001131), (0.0072727227, 0.036039796, -0.0049410798), (0.010454541, 0.0360398, -0.0049410798), (0.0072727227, 0.036173593, -0.00485909), (0.01045454, 0.036173593, -0.00485909), (0.013636359, 0.036173593, -0.00485909), (0.016818177, 0.036173593, -0.00485909), (0.016818177, 0.0360398, -0.0049410798), (0.016818177, 0.035894826, -0.005001131), (0.016818177, 0.035742246, -0.0050377618), (0.013636359, 0.035742242, -0.0050377618), (-0.011818186, 0.036039792, -0.0049410798), (-0.011818186, 0.03589482, -0.005001131), (-0.011818186, 0.035742234, -0.0050377618), (-0.002272732, 0.03574224, -0.0050377618), (-0.00545455, 0.03574224, -0.0050377618), (-0.00545455, 0.03589482, -0.005001131), (-0.008636368, 0.03589482, -0.005001131), (-0.008636368, 0.036039792, -0.0049410798), (0.0040909047, 0.03617359, -0.00485909), (0.00090908573, 0.03617359, -0.00485909), (-0.0022727323, 0.03617359, -0.00485909), (0.0009090858, 0.036039796, -0.0049410798), (0.0040909047, 0.036039796, -0.0049410798), (0.0040909047, 0.035894822, -0.005001131), (0.013636359, 0.0360398, -0.0049410798), (0.013636359, 0.035894826, -0.005001131), (-0.008636368, 0.035742234, -0.0050377618), (0.016499998, 0.024015218, -0.0058764527), (0.012999998, 0.024015216, -0.0058764527), (0.009499999, 0.024015216, -0.0058764527), (0.009499999, 0.024060331, -0.005708081), (0.0059999987, 0.02406033, -0.005708081), (0.0059999987, 0.024133997, -0.005550101), (0.0024999988, 0.024133995, -0.005550101), (0.0024999988, 0.024233976, -0.005407313), (-0.0010000013, 0.024233975, -0.005407313), (-0.0010000013, 0.024357231, -0.005284056), (-0.004500001, 0.02435723, -0.005284056), (-0.004500001, 0.024500018, -0.0051840744), (-0.008000001, 0.024500016, -0.0051840744), (-0.008000001, 0.024657996, -0.0051104063), (-0.011500001, 0.024657995, -0.0051104063), (-0.011500001, 0.024826366, -0.0050652917), (-0.008000001, 0.024826368, -0.0050652917), (-0.0045000017, 0.024826368, -0.0050652917), (-0.004500001, 0.024657996, -0.0051104063), (-0.0010000014, 0.024657998, -0.0051104063), (-0.0010000013, 0.024500018, -0.0051840744), (0.0024999985, 0.02450002, -0.0051840744), (0.0024999985, 0.024357231, -0.005284056), (0.0059999987, 0.024357233, -0.005284056), (0.0059999987, 0.024233976, -0.005407313), (0.009499999, 0.024233978, -0.005407313), (0.009499999, 0.024133997, -0.005550101), (0.012999998, 0.024133999, -0.005550101), (0.012999998, 0.024060331, -0.005708081), (0.016499998, 0.024060333, -0.005708081), (0.016499998, 0.024133999, -0.005550101), (0.012999998, 0.024233978, -0.005407313), (0.009499999, 0.024357235, -0.005284056), (0.0059999987, 0.02450002, -0.0051840744), (0.0024999985, 0.024657998, -0.0051104063), (-0.0010000014, 0.02482637, -0.0050652917), (0.016499998, 0.02423398, -0.005407313), (0.012999998, 0.024357235, -0.005284056), (0.009499999, 0.024500022, -0.0051840744), (0.0059999987, 0.024658, -0.0051104063), (0.0024999985, 0.02482637, -0.0050652917), (0.016499998, 0.024357237, -0.005284056), (0.012999998, 0.024500024, -0.0051840744), (0.009499999, 0.024658002, -0.0051104063), (0.0059999987, 0.024826372, -0.0050652917), (0.016499998, 0.024500024, -0.0051840744), (0.012999998, 0.024658002, -0.0051104063), (0.009499999, 0.024826374, -0.0050652917), (0.016499998, 0.024658004, -0.0051104063), (0.012999998, 0.024826374, -0.0050652917), (0.016499998, 0.024826376, -0.0050652917), (-0.011500001, 0.024500014, -0.0051840744), (-0.008000001, 0.02435723, -0.005284056), (-0.004500001, 0.024233973, -0.005407313), (-0.0010000012, 0.024133993, -0.005550101), (0.0024999988, 0.024060328, -0.005708081), (0.0059999987, 0.024015214, -0.0058764527), (-0.011500001, 0.024357228, -0.005284056), (-0.008000001, 0.024233973, -0.005407313), (-0.004500001, 0.024133993, -0.005550101), (-0.0010000012, 0.024060328, -0.005708081), (0.0024999988, 0.024015214, -0.0058764527), (-0.011500001, 0.02423397, -0.005407313), (-0.008000001, 0.024133991, -0.005550101), (-0.004500001, 0.024060326, -0.005708081), (-0.0010000012, 0.024015212, -0.0058764527), (-0.011500001, 0.02413399, -0.005550101), (-0.008000001, 0.024060324, -0.005708081), (-0.004500001, 0.02401521, -0.0058764527), (-0.011500001, 0.024060324, -0.005708081), (-0.008000001, 0.02401521, -0.0058764527), (-0.011500001, 0.024015209, -0.0058764527), (0.005602385, 0.024902057, -0.028045284), (0.0025765195, 0.024826426, -0.028034907), (0.005599999, 0.025000075, -0.028050099), (-0.0009426103, 0.024826424, -0.028034907), (-0.004461741, 0.024826422, -0.028034907), (-0.004461741, 0.02465805, -0.027989792), (-0.007980871, 0.02465805, -0.027989792), (-0.007980871, 0.02450007, -0.027916126), (-0.011500001, 0.024500068, -0.027916126), (-0.011500001, 0.02435728, -0.027816145), (-0.007980871, 0.024357282, -0.027816145), (-0.011500001, 0.024234023, -0.027692888), (-0.007980871, 0.024234025, -0.027692888), (-0.011500001, 0.024134042, -0.027550101), (-0.007980871, 0.024134044, -0.027550101), (-0.011500001, 0.024060374, -0.027392121), (-0.007980871, 0.024060376, -0.027392121), (-0.011500001, 0.024015259, -0.02722375), (-0.007980871, 0.02401526, -0.02722375), (-0.0044617406, 0.02401526, -0.02722375), (-0.00094261003, 0.024015263, -0.02722375), (-0.0009426101, 0.024060378, -0.027392121), (0.0025765197, 0.02406038, -0.027392121), (0.0025765197, 0.024134047, -0.027550101), (0.0059059723, 0.024076194, -0.027432784), (0.005862002, 0.024118152, -0.027521499), (0.005820281, 0.024168603, -0.027605671), (0.0025765195, 0.024234029, -0.027692888), (0.0057812124, 0.024227062, -0.027684493), (0.005745171, 0.024292966, -0.027757207), (0.0025765195, 0.024357285, -0.027816145), (0.005712506, 0.02436568, -0.027823111), (0.0056835315, 0.024444504, -0.02788157), (0.0025765195, 0.024500074, -0.027916126), (0.005658524, 0.024528677, -0.027932022), (0.005637728, 0.02461739, -0.02797398), (0.0025765195, 0.024658052, -0.027989792), (0.00562134, 0.02470979, -0.02800704), (0.005609522, 0.024804983, -0.028030885), (0.0059517715, 0.024043132, -0.027340386), (0.0025765197, 0.024015265, -0.02722375), (0.006047068, 0.024004888, -0.027148118), (0.0059989537, 0.024019288, -0.027245192), (-0.011500001, 0.024658049, -0.027989792), (-0.007980871, 0.024826422, -0.028034907), (-0.011500002, 0.02500007, -0.028050099), (-0.011500001, 0.02482642, -0.028034907), (-0.00094261026, 0.024658052, -0.027989792), (-0.0009426102, 0.024500072, -0.027916126), (-0.00094261015, 0.024357283, -0.027816145), (-0.00094261015, 0.024234027, -0.027692888), (-0.0009426101, 0.024134045, -0.027550101), (-0.004461741, 0.02450007, -0.027916126), (-0.0044617406, 0.024357283, -0.027816145), (-0.0044617406, 0.024234027, -0.027692888), (-0.0044617406, 0.024134044, -0.027550101), (-0.0044617406, 0.024060376, -0.027392121), (0.005599998, 0.027000075, -0.028050095), (0.006095649, 0.028000072, -0.027050091), (0.005602384, 0.027098091, -0.028045278), (0.0056095216, 0.027195165, -0.02803088), (0.005621339, 0.02729036, -0.028007034), (0.005637727, 0.027382758, -0.027973972), (0.005658523, 0.027471472, -0.027932014), (0.00568353, 0.027555645, -0.027881563), (0.005712505, 0.027634468, -0.027823104), (0.00574517, 0.02770718, -0.0277572), (0.0057812114, 0.027773084, -0.027684486), (0.0058202795, 0.027831543, -0.027605662), (0.005862001, 0.027881995, -0.02752149), (0.005905971, 0.027923953, -0.027432775), (0.00595177, 0.027957013, -0.027340377), (0.0059989523, 0.027980858, -0.027245183), (0.0060470668, 0.027995257, -0.027148109), (0.0025765183, 0.02798488, -0.02722374), (-0.00094261137, 0.027984878, -0.02722374), (-0.004461742, 0.027984876, -0.02722374), (-0.004461742, 0.027939763, -0.027392112), (-0.007980872, 0.027939761, -0.027392112), (-0.007980872, 0.027866093, -0.027550092), (-0.011500003, 0.027866093, -0.027550092), (-0.011500002, 0.027766112, -0.02769288), (-0.007980872, 0.027766114, -0.02769288), (-0.011500002, 0.027642855, -0.027816137), (-0.007980872, 0.027642857, -0.027816137), (-0.011500002, 0.027500069, -0.027916119), (-0.007980872, 0.027500069, -0.027916119), (-0.011500002, 0.027342089, -0.027989786), (-0.007980872, 0.02734209, -0.027989786), (-0.011500002, 0.027173717, -0.028034901), (-0.007980872, 0.027173718, -0.028034901), (-0.011500002, 0.027000068, -0.028050095), (-0.0044617415, 0.027173718, -0.028034901), (-0.0009426111, 0.02717372, -0.028034901), (-0.00094261114, 0.027342092, -0.027989786), (0.0025765186, 0.027342094, -0.027989786), (0.0025765186, 0.027500072, -0.027916119), (0.0025765186, 0.027642861, -0.027816137), (0.0025765183, 0.027766116, -0.02769288), (0.0025765183, 0.027866097, -0.027550092), (0.0025765183, 0.027939765, -0.027392112), (0.0025765186, 0.027173722, -0.028034901), (-0.011500003, 0.02793976, -0.027392112), (-0.007980872, 0.027984876, -0.02722374), (-0.011500003, 0.028000066, -0.027050091), (-0.011500003, 0.027984874, -0.02722374), (-0.00094261137, 0.027939763, -0.027392112), (-0.0009426113, 0.027866097, -0.027550092), (-0.0009426113, 0.027766116, -0.02769288), (-0.00094261125, 0.02764286, -0.027816137), (-0.0009426112, 0.027500072, -0.027916119), (-0.004461742, 0.027866095, -0.027550092), (-0.004461742, 0.027766114, -0.02769288), (-0.004461742, 0.027642857, -0.027816137), (-0.004461742, 0.02750007, -0.027916119), (-0.004461742, 0.02734209, -0.027989786), (0.0027976925, 0.028000057, -0.02071707), (0.0024991906, 0.028000057, -0.020767786), (-0.0043991962, 0.028000053, -0.020767786), (-0.004108249, 0.028000055, -0.020851607), (0.0022082436, 0.028000057, -0.020851607), (-0.0038285167, 0.028000055, -0.020967476), (0.0019285119, 0.028000057, -0.020967476), (-0.0035635163, 0.028000055, -0.021113936), (0.0016635106, 0.028000057, -0.021113936), (-0.0033165803, 0.028000055, -0.021289147), (0.0014165757, 0.028000057, -0.021289147), (-0.0030908142, 0.028000057, -0.021490904), (0.0011908086, 0.028000057, -0.021490904), (-0.0028890579, 0.028000057, -0.02171667), (0.0009890521, 0.028000059, -0.02171667), (0.0008138421, 0.028000059, -0.021963606), (0.0057999967, 0.028000064, -0.023400092), (0.0057830215, 0.028000062, -0.023097787), (0.005732303, 0.028000062, -0.022799285), (-0.0050000027, 0.028000066, -0.026100092), (-0.004697698, 0.028000066, -0.026083115), (-0.0043991962, 0.028000066, -0.026032398), (-0.007432618, 0.028000057, -0.022228606), (-0.0075484873, 0.028000057, -0.022508338), (-0.0076323077, 0.028000057, -0.022799285), (-0.004108249, 0.028000066, -0.025948577), (0.0022082436, 0.028000068, -0.025948577), (0.0024991906, 0.028000068, -0.026032398), (0.0027976925, 0.028000068, -0.026083115), (0.0030999978, 0.02800007, -0.026100092), (0.0019285119, 0.028000068, -0.025832707), (-0.0038285167, 0.028000066, -0.025832707), (0.0016635106, 0.028000068, -0.025686247), (-0.0035635163, 0.028000066, -0.025686247), (0.0014165757, 0.028000066, -0.025511038), (-0.0033165803, 0.028000066, -0.025511038), (0.0011908086, 0.028000066, -0.02530928), (-0.0030908142, 0.028000064, -0.02530928), (0.0009890521, 0.028000066, -0.025083514), (-0.0028890579, 0.028000064, -0.025083514), (0.0008138421, 0.028000066, -0.02483658), (-0.0027138467, 0.028000064, -0.02483658), (0.0006673816, 0.028000064, -0.024571579), (-0.0025673863, 0.028000064, -0.024571579), (0.00055151206, 0.028000064, -0.024291845), (-0.0024515176, 0.028000062, -0.024291845), (0.00046769175, 0.028000062, -0.024000898), (-0.0023676974, 0.028000062, -0.024000898), (0.0004169744, 0.028000062, -0.023702396), (-0.00231698, 0.028000062, -0.023702396), (0.00039999708, 0.028000062, -0.023400092), (-0.0023000026, 0.02800006, -0.023400092), (-0.00231698, 0.02800006, -0.023097787), (0.0004169744, 0.02800006, -0.023097787), (-0.0023676974, 0.028000059, -0.022799285), (0.00046769175, 0.02800006, -0.022799285), (-0.0024515176, 0.028000059, -0.022508338), (0.00055151206, 0.02800006, -0.022508338), (-0.0025673863, 0.028000059, -0.022228606), (0.0006673816, 0.028000059, -0.022228606), (-0.0027138467, 0.028000057, -0.021963606), (-0.004697698, 0.028000053, -0.02071707), (-0.0050000027, 0.028000053, -0.020700091), (-0.0053023067, 0.028000053, -0.02071707), (-0.0056008087, 0.028000053, -0.020767786), (-0.0058917557, 0.028000053, -0.020851607), (-0.006171488, 0.028000053, -0.020967476), (-0.0064364886, 0.028000055, -0.021113936), (-0.0066834246, 0.028000055, -0.021289147), (-0.0069091907, 0.028000055, -0.021490904), (-0.0071109477, 0.028000055, -0.02171667), (-0.0072861575, 0.028000055, -0.021963606), (-0.007683025, 0.028000059, -0.023097787), (-0.0077000023, 0.028000059, -0.023400092), (-0.007683025, 0.02800006, -0.023702396), (-0.0076323077, 0.02800006, -0.024000898), (-0.0075484873, 0.02800006, -0.024291845), (-0.007432618, 0.028000062, -0.024571579), (-0.0072861575, 0.028000062, -0.02483658), (-0.0071109477, 0.028000062, -0.025083514), (-0.0069091907, 0.028000064, -0.02530928), (-0.0066834246, 0.028000064, -0.025511038), (-0.0064364886, 0.028000064, -0.025686247), (-0.006171488, 0.028000066, -0.025832707), (-0.0058917557, 0.028000066, -0.025948577), (-0.0056008087, 0.028000066, -0.026032398), (-0.0053023067, 0.028000066, -0.026083115), (0.003402301, 0.02800007, -0.026083115), (0.003700803, 0.02800007, -0.026032398), (0.00399175, 0.02800007, -0.025948577), (0.0042714835, 0.028000068, -0.025832707), (0.004536483, 0.028000068, -0.025686247), (0.00478342, 0.028000068, -0.025511038), (0.005009185, 0.028000068, -0.02530928), (0.0052109426, 0.028000068, -0.025083514), (0.0053861537, 0.028000066, -0.02483658), (0.005532613, 0.028000066, -0.024571579), (0.0056484826, 0.028000066, -0.024291845), (0.005732303, 0.028000064, -0.024000898), (0.0057830215, 0.028000064, -0.023702396), (0.0056484826, 0.02800006, -0.022508338), (0.005532613, 0.02800006, -0.022228606), (0.0053861537, 0.02800006, -0.021963606), (0.0052109426, 0.028000059, -0.02171667), (0.005009185, 0.028000059, -0.021490904), (0.00478342, 0.028000059, -0.021289147), (0.004536483, 0.028000057, -0.021113936), (0.0042714835, 0.028000057, -0.020967476), (0.00399175, 0.028000057, -0.020851607), (0.003700803, 0.028000057, -0.020767786), (0.003402301, 0.028000057, -0.02071707), (0.0030999978, 0.028000057, -0.020700091), (-0.010826365, 0.06022103, 0.01268693), (-0.010826364, 0.059333533, 0.01078368), (-0.011000013, 0.06020726, 0.01269335), (-0.011000013, 0.059319768, 0.010790104), (-0.011173661, 0.06022103, 0.01268693), (-0.011173661, 0.059333533, 0.01078368), (-0.011342033, 0.060261916, 0.012667864), (-0.011342033, 0.059374426, 0.010764614), (-0.011500013, 0.06032868, 0.012636732), (-0.011500013, 0.05944119, 0.010733482), (-0.011642801, 0.060419295, 0.012594477), (-0.011642801, 0.059531804, 0.010691227), (-0.011766057, 0.060531005, 0.0125423875), (-0.011766057, 0.05964351, 0.010639138), (-0.011866039, 0.060660414, 0.012482043), (-0.011866039, 0.05977292, 0.0105787935), (-0.011939706, 0.060803592, 0.012415279), (-0.011939705, 0.0599161, 0.010512029), (-0.011984821, 0.060956188, 0.01234412), (-0.0119848205, 0.060068697, 0.010440874), (-0.012000013, 0.061113566, 0.012270733), (-0.012000013, 0.060226075, 0.010367487), (-0.011984821, 0.061270945, 0.012197346), (-0.0119848205, 0.060383454, 0.0102941), (-0.011939706, 0.061423544, 0.0121261915), (-0.011939706, 0.06053605, 0.010222942), (-0.011866039, 0.06156672, 0.012059427), (-0.011866039, 0.060679227, 0.010156177), (-0.011766058, 0.061696135, 0.011999083), (-0.011766057, 0.060808636, 0.010095832), (-0.011642802, 0.061807845, 0.011946993), (-0.011642801, 0.060920347, 0.010043743), (-0.011500014, 0.061898455, 0.011904738), (-0.011500013, 0.06101096, 0.010001492), (-0.011342034, 0.06196522, 0.011873606), (-0.011342034, 0.061077725, 0.009970356), (-0.011173662, 0.06200611, 0.011854541), (-0.011173662, 0.061118618, 0.009951291), (-0.011000014, 0.062019877, 0.01184812), (-0.011000013, 0.061132383, 0.00994487), (-0.010826365, 0.06200611, 0.011854541), (-0.010826365, 0.061118618, 0.009951291), (-0.010657994, 0.06196522, 0.011873606), (-0.010657993, 0.061077725, 0.009970356), (-0.010500014, 0.061898455, 0.011904738), (-0.010500014, 0.06101096, 0.010001492), (-0.010357226, 0.061807845, 0.011946993), (-0.010357226, 0.060920347, 0.010043743), (-0.010233969, 0.061696135, 0.011999083), (-0.0102339685, 0.060808636, 0.010095832), (-0.010133988, 0.061566725, 0.012059427), (-0.010133988, 0.060679227, 0.010156177), (-0.010060321, 0.061423544, 0.0121261915), (-0.010060321, 0.06053605, 0.010222942), (-0.0100152055, 0.06127095, 0.012197346), (-0.0100152055, 0.060383454, 0.0102941), (-0.010000014, 0.061113566, 0.012270733), (-0.010000013, 0.060226075, 0.010367487), (-0.0100152055, 0.060956188, 0.01234412), (-0.0100152055, 0.060068697, 0.010440874), (-0.010060321, 0.060803592, 0.012415279), (-0.010060321, 0.0599161, 0.010512029), (-0.010133988, 0.060660414, 0.012482043), (-0.010133987, 0.05977292, 0.0105787935), (-0.0102339685, 0.060531005, 0.0125423875), (-0.0102339685, 0.05964351, 0.010639138), (-0.010357225, 0.060419295, 0.012594477), (-0.010357225, 0.059531804, 0.010691227), (-0.010500013, 0.06032868, 0.012636732), (-0.010500013, 0.05944119, 0.010733482), (-0.010657993, 0.060261916, 0.012667864), (-0.010657993, 0.059374426, 0.010764614), (0.016173627, 0.084691375, 0.0012762934), (0.016173627, 0.08380388, -0.0006269527), (0.015999978, 0.08467761, 0.0012827135), (0.015999978, 0.083790116, -0.0006205326), (0.01582633, 0.084691375, 0.0012762934), (0.01582633, 0.08380388, -0.0006269527), (0.015657958, 0.084732264, 0.0012572276), (0.01565796, 0.083844766, -0.00064602034), (0.015499978, 0.08479903, 0.0012260961), (0.015499978, 0.08391154, -0.0006771539), (0.015357191, 0.08488964, 0.0011838409), (0.015357191, 0.08400215, -0.0007194071), (0.015233934, 0.08500135, 0.0011317515), (0.015233934, 0.08411385, -0.00077149656), (0.015133953, 0.08513076, 0.001071407), (0.015133953, 0.08424327, -0.00083184097), (0.015060285, 0.08527394, 0.0010046426), (0.015060285, 0.084386446, -0.00089860545), (0.01501517, 0.08542653, 0.0009334874), (0.015015171, 0.08453904, -0.0009697625), (0.014999978, 0.08558391, 0.0008601006), (0.014999978, 0.08469642, -0.0010431493), (0.01501517, 0.08574129, 0.00078671385), (0.015015171, 0.0848538, -0.0011165361), (0.015060285, 0.08589389, 0.0007155548), (0.015060285, 0.08500639, -0.0011876932), (0.015133952, 0.08603707, 0.00064879033), (0.015133953, 0.08514957, -0.0012544576), (0.015233933, 0.08616648, 0.0005884459), (0.015233934, 0.08527898, -0.0013148021), (0.01535719, 0.086278185, 0.0005363565), (0.015357191, 0.085390694, -0.0013668914), (0.015499978, 0.0863688, 0.0004941013), (0.015499978, 0.08548131, -0.0014091447), (0.015657958, 0.086435564, 0.00046296974), (0.015657958, 0.08554807, -0.0014402783), (0.01582633, 0.08647645, 0.00044390396), (0.01582633, 0.08558896, -0.001459344), (0.015999978, 0.08649022, 0.00043748386), (0.015999978, 0.08560273, -0.001465766), (0.016173627, 0.08647645, 0.00044390396), (0.016173627, 0.08558896, -0.001459344), (0.016341997, 0.086435564, 0.00046296974), (0.016341997, 0.08554807, -0.0014402783), (0.016499978, 0.0863688, 0.0004941013), (0.016499978, 0.08548131, -0.0014091447), (0.016642766, 0.08627819, 0.0005363565), (0.016642766, 0.085390694, -0.0013668914), (0.016766023, 0.08616648, 0.0005884459), (0.016766023, 0.08527898, -0.0013148021), (0.016866004, 0.08603707, 0.00064879033), (0.016866004, 0.08514957, -0.0012544576), (0.016939672, 0.08589389, 0.0007155548), (0.016939672, 0.08500639, -0.0011876932), (0.016984787, 0.0857413, 0.00078671385), (0.016984787, 0.0848538, -0.0011165361), (0.016999979, 0.08558391, 0.0008601006), (0.016999979, 0.08469642, -0.0010431493), (0.016984787, 0.08542653, 0.0009334874), (0.016984787, 0.08453904, -0.0009697625), (0.016939672, 0.08527394, 0.0010046426), (0.016939672, 0.084386446, -0.00089860545), (0.016866004, 0.08513076, 0.001071407), (0.016866004, 0.08424327, -0.00083184097), (0.016766023, 0.08500135, 0.0011317515), (0.016766023, 0.08411386, -0.00077149656), (0.016642766, 0.08488964, 0.0011838409), (0.016642766, 0.08400215, -0.0007194071), (0.016499978, 0.08479903, 0.0012260961), (0.01649998, 0.08391154, -0.0006771539), (0.016342, 0.084732264, 0.0012572276), (0.016342, 0.08384477, -0.00064602034), (-0.010826373, 0.08469137, 0.0012762934), (-0.010826373, 0.08380387, -0.0006269527), (-0.011000021, 0.0846776, 0.0012827135), (-0.011000021, 0.0837901, -0.0006205326), (-0.011173669, 0.08469137, 0.0012762934), (-0.011173669, 0.08380387, -0.0006269527), (-0.011342041, 0.08473225, 0.0012572276), (-0.011342041, 0.08384476, -0.00064602034), (-0.011500021, 0.08479902, 0.0012260961), (-0.0115000205, 0.08391152, -0.0006771539), (-0.011642809, 0.084889635, 0.0011838409), (-0.011642809, 0.08400214, -0.0007194071), (-0.011766066, 0.08500134, 0.0011317515), (-0.011766066, 0.084113844, -0.00077149656), (-0.011866047, 0.08513075, 0.001071407), (-0.011866046, 0.08424325, -0.00083184097), (-0.011939714, 0.08527393, 0.0010046426), (-0.011939714, 0.08438644, -0.00089860545), (-0.011984829, 0.085426524, 0.0009334874), (-0.011984829, 0.08453903, -0.0009697625), (-0.0120000215, 0.0855839, 0.0008601006), (-0.0120000215, 0.08469641, -0.0010431493), (-0.011984829, 0.08574128, 0.00078671385), (-0.011984829, 0.08485379, -0.0011165361), (-0.011939715, 0.085893884, 0.0007155548), (-0.011939714, 0.085006386, -0.0011876932), (-0.011866047, 0.08603706, 0.00064879033), (-0.011866047, 0.085149564, -0.0012544576), (-0.011766066, 0.08616647, 0.0005884459), (-0.011766066, 0.08527897, -0.0013148021), (-0.011642809, 0.08627818, 0.0005363565), (-0.011642809, 0.08539069, -0.0013668914), (-0.011500021, 0.08636879, 0.0004941013), (-0.011500021, 0.0854813, -0.0014091447), (-0.011342042, 0.08643556, 0.00046296974), (-0.011342041, 0.085548066, -0.0014402783), (-0.01117367, 0.086476445, 0.00044390396), (-0.011173669, 0.085588954, -0.001459344), (-0.011000021, 0.086490214, 0.00043748386), (-0.011000021, 0.08560272, -0.001465766), (-0.0108263735, 0.086476445, 0.00044390396), (-0.0108263735, 0.085588954, -0.001459344), (-0.0106580015, 0.08643556, 0.00046296974), (-0.0106580015, 0.085548066, -0.0014402783), (-0.010500022, 0.08636879, 0.0004941013), (-0.010500021, 0.0854813, -0.0014091447), (-0.010357235, 0.08627818, 0.0005363565), (-0.010357234, 0.08539069, -0.0013668914), (-0.010233977, 0.08616647, 0.0005884459), (-0.010233977, 0.08527897, -0.0013148021), (-0.010133997, 0.08603706, 0.00064879033), (-0.010133996, 0.085149564, -0.0012544576), (-0.010060329, 0.085893884, 0.0007155548), (-0.010060329, 0.085006386, -0.0011876932), (-0.010015214, 0.08574128, 0.00078671385), (-0.010015213, 0.08485379, -0.0011165361), (-0.010000021, 0.0855839, 0.0008601006), (-0.010000021, 0.08469641, -0.0010431493), (-0.010015214, 0.085426524, 0.0009334874), (-0.010015213, 0.08453903, -0.0009697625), (-0.010060329, 0.08527393, 0.0010046426), (-0.010060329, 0.08438644, -0.00089860545), (-0.010133996, 0.08513075, 0.001071407), (-0.010133996, 0.08424325, -0.00083184097), (-0.010233977, 0.08500134, 0.0011317515), (-0.010233977, 0.084113844, -0.00077149656), (-0.010357234, 0.084889635, 0.0011838409), (-0.010357234, 0.08400214, -0.0007194071), (-0.010500021, 0.08479902, 0.0012260961), (-0.010500021, 0.08391152, -0.0006771539), (-0.0106580015, 0.08473226, 0.0012572276), (-0.010658001, 0.08384476, -0.00064602034), (0.016173635, 0.06022104, 0.01268693), (0.016173637, 0.059333544, 0.01078368), (0.015999986, 0.06020727, 0.01269335), (0.015999988, 0.059319776, 0.010790104), (0.015826337, 0.06022104, 0.01268693), (0.015826339, 0.059333544, 0.01078368), (0.015657967, 0.060261924, 0.012667864), (0.015657967, 0.059374433, 0.010764614), (0.015499987, 0.06032869, 0.012636732), (0.015499987, 0.059441198, 0.010733482), (0.015357198, 0.060419306, 0.012594477), (0.015357199, 0.05953181, 0.010691227), (0.015233942, 0.060531013, 0.0125423875), (0.015233942, 0.05964352, 0.010639138), (0.01513396, 0.060660426, 0.012482043), (0.015133961, 0.059772927, 0.0105787935), (0.015060293, 0.0608036, 0.012415279), (0.0150602935, 0.05991611, 0.010512029), (0.015015178, 0.060956195, 0.01234412), (0.015015178, 0.060068704, 0.010440874), (0.014999987, 0.061113577, 0.012270733), (0.014999987, 0.060226083, 0.010367487), (0.015015178, 0.061270956, 0.012197346), (0.015015178, 0.06038346, 0.0102941), (0.015060293, 0.06142355, 0.0121261915), (0.0150602935, 0.06053606, 0.010222942), (0.01513396, 0.061566733, 0.012059427), (0.01513396, 0.060679235, 0.010156177), (0.015233941, 0.061696142, 0.011999083), (0.015233941, 0.060808647, 0.010095832), (0.015357198, 0.061807852, 0.011946993), (0.015357198, 0.060920354, 0.010043743), (0.015499986, 0.061898462, 0.011904738), (0.015499987, 0.06101097, 0.010001492), (0.015657965, 0.061965227, 0.011873606), (0.015657967, 0.061077736, 0.009970356), (0.015826337, 0.062006116, 0.011854541), (0.015826337, 0.061118625, 0.009951291), (0.015999986, 0.062019885, 0.01184812), (0.015999986, 0.061132394, 0.00994487), (0.016173635, 0.062006116, 0.011854541), (0.016173635, 0.061118625, 0.009951291), (0.016342007, 0.061965227, 0.011873606), (0.016342007, 0.061077736, 0.009970356), (0.016499987, 0.061898462, 0.011904738), (0.016499987, 0.06101097, 0.010001492), (0.016642774, 0.061807852, 0.011946993), (0.016642774, 0.060920358, 0.010043743), (0.01676603, 0.061696142, 0.011999083), (0.01676603, 0.060808647, 0.010095832), (0.016866012, 0.061566733, 0.012059427), (0.016866012, 0.06067924, 0.010156177), (0.01693968, 0.06142355, 0.0121261915), (0.01693968, 0.06053606, 0.010222942), (0.016984794, 0.061270956, 0.012197346), (0.016984794, 0.060383465, 0.0102941), (0.016999986, 0.061113577, 0.012270733), (0.016999986, 0.060226083, 0.010367487), (0.016984794, 0.0609562, 0.01234412), (0.016984794, 0.060068704, 0.010440874), (0.01693968, 0.060803603, 0.012415279), (0.016939681, 0.05991611, 0.010512029), (0.016866012, 0.060660426, 0.012482043), (0.016866013, 0.059772927, 0.0105787935), (0.01676603, 0.060531016, 0.0125423875), (0.016766032, 0.05964352, 0.010639138), (0.016642775, 0.060419306, 0.012594477), (0.016642775, 0.05953181, 0.010691227), (0.016499987, 0.060328692, 0.012636732), (0.016499987, 0.059441198, 0.010733482), (0.016342007, 0.060261924, 0.012667864), (0.016342007, 0.059374433, 0.010764614), (-0.0055000186, 0.076067664, 0.0052975668), (-0.010000018, 0.076067664, 0.0052975668), (-0.00550002, 0.08059921, 0.0031844869), (0.01049998, 0.08059921, 0.0031844869), (0.010499981, 0.07606767, 0.0052975668), (0.014999981, 0.07606767, 0.0052975668), (0.014999983, 0.07062982, 0.007833267), (0.010499983, 0.07062982, 0.007833267), (0.010499985, 0.06609827, 0.009946347), (-0.0055000153, 0.06609827, 0.009946347), (-0.0055000167, 0.07062981, 0.007833267), (-0.010000017, 0.07062981, 0.007833267), (-0.008936595, 0.022000039, -0.014833561), (-0.0087, 0.022000039, -0.014850105), (-0.008463406, 0.022000039, -0.014833561), (-0.009168584, 0.022000039, -0.01478425), (-0.009391453, 0.022000037, -0.014703132), (-0.009600864, 0.022000037, -0.014591787), (-0.0097927395, 0.022000037, -0.014452381), (-0.009963347, 0.022000037, -0.014287628), (-0.010109364, 0.022000037, -0.014100735), (-0.01022795, 0.022000035, -0.013895337), (-0.010316797, 0.022000035, -0.0136754345), (-0.0103741735, 0.022000035, -0.013445308), (-0.010398964, 0.022000033, -0.013209434), (-0.010390688, 0.022000033, -0.012972408), (-0.010349503, 0.022000033, -0.012738838), (-0.010276213, 0.022000033, -0.012513275), (-0.010172243, 0.022000032, -0.012300106), (-0.010039619, 0.022000032, -0.012103481), (-0.00988092, 0.022000032, -0.011927229), (-0.009699236, 0.022000032, -0.0117747765), (-0.009498103, 0.022000032, -0.011649095), (-0.009281434, 0.02200003, -0.011552629), (-0.009053451, 0.02200003, -0.011487255), (-0.008818586, 0.02200003, -0.011454247), (-0.008581415, 0.02200003, -0.011454247), (-0.00834655, 0.022000032, -0.011487255), (-0.008118566, 0.022000032, -0.011552629), (-0.007901899, 0.022000032, -0.011649095), (-0.0077007655, 0.022000032, -0.0117747765), (-0.0075190812, 0.022000032, -0.011927229), (-0.007360382, 0.022000033, -0.012103481), (-0.0072277575, 0.022000033, -0.012300106), (-0.007123788, 0.022000033, -0.012513275), (-0.0070504975, 0.022000033, -0.012738838), (-0.007009313, 0.022000035, -0.012972408), (-0.0070010363, 0.022000035, -0.013209434), (-0.007025827, 0.022000035, -0.013445308), (-0.007083204, 0.022000037, -0.0136754345), (-0.0071720504, 0.022000037, -0.013895337), (-0.0072906367, 0.022000037, -0.014100735), (-0.007436654, 0.022000037, -0.014287628), (-0.0076072617, 0.022000037, -0.014452381), (-0.0077991374, 0.022000039, -0.014591787), (-0.008008548, 0.022000039, -0.014703132), (-0.008231417, 0.022000039, -0.01478425), (0.0034023018, 0.02600007, -0.02608312), (0.0030999985, 0.02600007, -0.026100097), (0.0027976932, 0.02600007, -0.02608312), (0.0024991913, 0.02600007, -0.026032401), (0.0022082443, 0.026000068, -0.025948582), (0.0019285126, 0.026000068, -0.025832713), (0.0016635113, 0.026000068, -0.025686251), (0.0014165764, 0.026000068, -0.025511041), (0.0011908093, 0.026000066, -0.025309285), (0.0009890528, 0.026000066, -0.02508352), (0.0008138428, 0.026000066, -0.024836583), (0.00066738226, 0.026000064, -0.024571583), (0.00055151276, 0.026000064, -0.02429185), (0.00046769239, 0.026000064, -0.024000904), (0.00041697503, 0.026000062, -0.0237024), (0.00039999772, 0.026000062, -0.023400096), (0.00041697503, 0.02600006, -0.023097793), (0.00046769239, 0.02600006, -0.022799289), (0.00055151276, 0.02600006, -0.022508344), (0.00066738226, 0.026000058, -0.02222861), (0.0008138428, 0.026000058, -0.02196361), (0.0009890528, 0.026000058, -0.021716675), (0.0011908093, 0.026000058, -0.02149091), (0.0014165764, 0.026000056, -0.021289151), (0.0016635113, 0.026000056, -0.021113941), (0.0019285126, 0.026000056, -0.02096748), (0.0022082443, 0.026000056, -0.020851612), (0.0024991913, 0.026000056, -0.020767791), (0.0027976932, 0.026000056, -0.020717073), (0.0030999985, 0.026000056, -0.020700097), (0.0034023018, 0.026000056, -0.020717073), (0.0037008037, 0.026000056, -0.020767791), (0.0039917505, 0.026000056, -0.020851612), (0.0042714844, 0.026000056, -0.02096748), (0.004536484, 0.026000058, -0.021113941), (0.0047834204, 0.026000058, -0.021289151), (0.005009186, 0.026000058, -0.02149091), (0.005210943, 0.02600006, -0.021716675), (0.005386154, 0.02600006, -0.02196361), (0.0055326135, 0.02600006, -0.02222861), (0.005648483, 0.026000062, -0.022508344), (0.0057323035, 0.026000062, -0.022799289), (0.005783022, 0.026000062, -0.023097793), (0.005799997, 0.026000064, -0.023400096), (0.005783022, 0.026000064, -0.0237024), (0.0057323035, 0.026000066, -0.024000904), (0.005648483, 0.026000066, -0.02429185), (0.0055326135, 0.026000066, -0.024571583), (0.005386154, 0.026000068, -0.024836583), (0.005210943, 0.026000068, -0.02508352), (0.005009186, 0.026000068, -0.025309285), (0.0047834204, 0.026000068, -0.025511041), (0.004536484, 0.026000068, -0.025686251), (0.0042714844, 0.02600007, -0.025832713), (0.0039917505, 0.02600007, -0.025948582), (0.0037008037, 0.02600007, -0.026032401), (0.003334818, 0.026000066, -0.025033303), (0.0030999985, 0.026000066, -0.025050096), (0.0035648574, 0.026000066, -0.02498326), (0.0037854328, 0.026000066, -0.02490099), (0.003992056, 0.026000066, -0.024788165), (0.004180519, 0.026000066, -0.024647083), (0.004346985, 0.026000066, -0.024480617), (0.004488066, 0.026000066, -0.024292154), (0.004600891, 0.026000064, -0.024085531), (0.0046831607, 0.026000064, -0.023864955), (0.004733204, 0.026000064, -0.023634916), (0.004749998, 0.026000064, -0.023400096), (0.004733204, 0.026000062, -0.023165278), (0.0046831607, 0.026000062, -0.022935238), (0.004600891, 0.026000062, -0.022714661), (0.004488066, 0.02600006, -0.02250804), (0.004346985, 0.02600006, -0.022319576), (0.004180519, 0.02600006, -0.02215311), (0.003992056, 0.02600006, -0.022012027), (0.0037854328, 0.02600006, -0.021899203), (0.0035648574, 0.026000058, -0.021816934), (0.003334818, 0.026000058, -0.021766892), (0.0030999985, 0.026000058, -0.021750096), (0.002865179, 0.026000058, -0.021766892), (0.0026351395, 0.026000058, -0.021816934), (0.0024145641, 0.026000058, -0.021899203), (0.0022079411, 0.026000058, -0.022012027), (0.0020194778, 0.02600006, -0.02215311), (0.0018530121, 0.02600006, -0.022319576), (0.0017119293, 0.02600006, -0.02250804), (0.0015991059, 0.02600006, -0.022714661), (0.0015168343, 0.02600006, -0.022935238), (0.0014667931, 0.026000062, -0.023165278), (0.0014499988, 0.026000062, -0.023400096), (0.0014667931, 0.026000062, -0.023634916), (0.0015168343, 0.026000064, -0.023864955), (0.0015991059, 0.026000064, -0.024085531), (0.0017119293, 0.026000064, -0.024292154), (0.0018530121, 0.026000064, -0.024480617), (0.0020194778, 0.026000066, -0.024647083), (0.0022079411, 0.026000066, -0.024788165), (0.0024145641, 0.026000066, -0.02490099), (0.0026351395, 0.026000066, -0.02498326), (0.002865179, 0.026000066, -0.025033303), (-0.0046976977, 0.026000066, -0.02608312), (-0.0050000018, 0.026000066, -0.026100097), (-0.0053023063, 0.026000066, -0.02608312), (-0.005600808, 0.026000066, -0.026032401), (-0.005891755, 0.026000066, -0.025948582), (-0.0061714877, 0.026000066, -0.025832713), (-0.006436488, 0.026000066, -0.025686251), (-0.006683424, 0.026000064, -0.025511041), (-0.00690919, 0.026000064, -0.025309285), (-0.007110947, 0.026000064, -0.02508352), (-0.007286157, 0.026000062, -0.024836583), (-0.0074326177, 0.026000062, -0.024571583), (-0.007548487, 0.026000062, -0.02429185), (-0.007632307, 0.02600006, -0.024000904), (-0.0076830247, 0.02600006, -0.0237024), (-0.007700002, 0.026000058, -0.023400096), (-0.0076830247, 0.026000058, -0.023097793), (-0.007632307, 0.026000058, -0.022799289), (-0.007548487, 0.026000056, -0.022508344), (-0.0074326177, 0.026000056, -0.02222861), (-0.007286157, 0.026000056, -0.02196361), (-0.007110947, 0.026000055, -0.021716675), (-0.00690919, 0.026000055, -0.02149091), (-0.006683424, 0.026000055, -0.021289151), (-0.006436488, 0.026000055, -0.021113941), (-0.0061714877, 0.026000055, -0.02096748), (-0.005891755, 0.026000053, -0.020851612), (-0.005600808, 0.026000053, -0.020767791), (-0.0053023063, 0.026000053, -0.020717073), (-0.0050000018, 0.026000053, -0.020700097), (-0.0046976977, 0.026000055, -0.020717073), (-0.004399196, 0.026000055, -0.020767791), (-0.0041082487, 0.026000055, -0.020851612), (-0.003828516, 0.026000055, -0.02096748), (-0.0035635156, 0.026000055, -0.021113941), (-0.0033165799, 0.026000055, -0.021289151), (-0.0030908135, 0.026000056, -0.02149091), (-0.0028890572, 0.026000056, -0.021716675), (-0.002713846, 0.026000056, -0.02196361), (-0.0025673856, 0.026000058, -0.02222861), (-0.0024515172, 0.026000058, -0.022508344), (-0.0023676967, 0.02600006, -0.022799289), (-0.0023169795, 0.02600006, -0.023097793), (-0.0023000021, 0.02600006, -0.023400096), (-0.0023169795, 0.026000062, -0.0237024), (-0.0023676967, 0.026000062, -0.024000904), (-0.0024515172, 0.026000062, -0.02429185), (-0.0025673856, 0.026000064, -0.024571583), (-0.002713846, 0.026000064, -0.024836583), (-0.0028890572, 0.026000064, -0.02508352), (-0.0030908135, 0.026000066, -0.025309285), (-0.0033165799, 0.026000066, -0.025511041), (-0.0035635156, 0.026000066, -0.025686251), (-0.003828516, 0.026000066, -0.025832713), (-0.0041082487, 0.026000066, -0.025948582), (-0.004399196, 0.026000066, -0.026032401), (-0.0047651823, 0.026000064, -0.025033303), (-0.0050000018, 0.026000064, -0.025050096), (-0.004535143, 0.026000064, -0.02498326), (-0.0043145674, 0.026000064, -0.02490099), (-0.004107944, 0.026000064, -0.024788165), (-0.0039194813, 0.026000064, -0.024647083), (-0.0037530155, 0.026000062, -0.024480617), (-0.0036119337, 0.026000062, -0.024292154), (-0.0034991093, 0.026000062, -0.024085531), (-0.0034168386, 0.026000062, -0.023864955), (-0.0033667965, 0.02600006, -0.023634916), (-0.0033500022, 0.02600006, -0.023400096), (-0.0033667965, 0.02600006, -0.023165278), (-0.0034168386, 0.02600006, -0.022935238), (-0.0034991093, 0.026000058, -0.022714661), (-0.0036119337, 0.026000058, -0.02250804), (-0.0037530155, 0.026000058, -0.022319576), (-0.0039194813, 0.026000056, -0.02215311), (-0.004107944, 0.026000056, -0.022012027), (-0.0043145674, 0.026000056, -0.021899203), (-0.004535143, 0.026000056, -0.021816934), (-0.0047651823, 0.026000056, -0.021766892), (-0.0050000018, 0.026000056, -0.021750096), (-0.0052348212, 0.026000056, -0.021766892), (-0.0054648607, 0.026000056, -0.021816934), (-0.005685436, 0.026000056, -0.021899203), (-0.0058920593, 0.026000056, -0.022012027), (-0.0060805227, 0.026000056, -0.02215311), (-0.006246988, 0.026000056, -0.022319576), (-0.00638807, 0.026000056, -0.02250804), (-0.0065008947, 0.026000058, -0.022714661), (-0.006583165, 0.026000058, -0.022935238), (-0.006633207, 0.026000058, -0.023165278), (-0.0066500013, 0.02600006, -0.023400096), (-0.006633207, 0.02600006, -0.023634916), (-0.006583165, 0.02600006, -0.023864955), (-0.0065008947, 0.02600006, -0.024085531), (-0.00638807, 0.026000062, -0.024292154), (-0.006246988, 0.026000062, -0.024480617), (-0.0060805227, 0.026000062, -0.024647083), (-0.0058920593, 0.026000062, -0.024788165), (-0.005685436, 0.026000064, -0.02490099), (-0.0054648607, 0.026000064, -0.02498326), (-0.0052348212, 0.026000064, -0.025033303)]
        uniform token subdivisionScheme = "none"
    }

    def "Looks"
    {
        def Material "MountYellow"
        {
            token outputs:surface.connect = </RealWristMount/Looks/MountYellow/Shader.outputs:surface>

            def Shader "Shader"
            {
                uniform token info:id = "UsdPreviewSurface"
                color3f inputs:diffuseColor = (0.95, 0.64, 0.018)
                float inputs:roughness = 0.6
                token outputs:surface
            }
        }
    }
}

